,0,name
0,nm5362972,Greta Varts
1,nm1249411,Xiaolu Xue
2,nm6391502,Paula Hawkins
3,nm0442287,William Kaufman
4,nm0918711,David Weisberg
5,nm4806035,Ryan Ferguson
6,nm2361892,Chris Romano
7,nm0677037,Bob Peterson
8,nm3143010,Ron Padgett
9,nm0238893,Du Lu Wang
10,nm0135905,Ion Luca Caragiale
11,nm0054697,Ike Barinholtz
12,nm5293055,Jeffrey Zaslow
13,nm3834171,Jason M. Koch
14,nm1475479,Jim Strouse
15,nm1383079,Todd Kessler
16,nm1429471,Jaume Collet-Serra
17,nm0090386,James Bobin
18,nm7917740,Shailja Kejriwal
19,nm2888074,Giannis Tsiros
20,nm0894207,Simon Verhoeven
21,nm0494170,John le Carré
22,nm4020969,Sean Nalaboff
23,nm8444799,Shimao Zhang
24,nm0082366,Anna Biller
25,nm4544229,John Phillips
26,nm2328967,Ron Suskind
27,nm0755158,Ira Sachs
28,nm8841153,Reindert Falkenburg
29,nm0281956,Brendan Fletcher
30,nm0601859,Scott Moore
31,nm0791556,Jon Shenk
32,nm4522036,Dan Soder
33,nm0341722,Megan Griffiths
34,nm0825738,David H. Steinberg
35,nm0542498,Mahesh Manjrekar
36,nm2234869,Steve Daniels
37,nm4679434,Mike Roberts
38,nm0744834,Eli Roth
39,nm0002077,Dexter Fletcher
40,nm1780037,Céline Sciamma
41,nm4815571,Nitesh V. Ranglani
42,nm0737517,Mike Rohl
43,nm6981356,Dan Mishkin
44,nm0779524,Luke Scott
45,nm4602011,Dong Luo
46,nm0510907,Joe Turner Lin
47,nm1189825,Robert Kanigher
48,nm0524190,Jon Lucas
49,nm5650996,Miu-Kei Ho
50,nm1797032,Scotty Mullen
51,nm2462594,Alice Vial
52,nm0904624,Miklós Vámos
53,nm0246903,Doris Dörrie
54,nm2356768,JT Mollner
55,nm1662742,Steven Altiere
56,nm1966532,Martin Owen
57,nm3215397,Daniel Scheinert
58,nm0114197,Mark Brown
59,nm0188462,David Croft
60,nm1438683,Alejandro Ocon
61,nm7625681,Marston Sawyers
62,nm5136322,Ben Shiffrin
63,nm6529126,Álvaro Núñez
64,nm0001639,Alex Proyas
65,nm1110912,Soi Cheang
66,nm0831557,Nicholas Stoller
67,nm1006256,Jennifer Barrow
68,nm0770005,James Schamus
69,nm4023702,Steven Caple Jr.
70,nm0646987,Ron Oliver
71,nm2422911,Nicholas Gyeney
72,nm0295216,Gabriel Friedman
73,nm0903456,Cyrus Voris
74,nm0684374,Jeff Pinkner
75,nm0122427,Rob Burnett
76,nm4332422,Erlingur Thoroddsen
77,nm0832369,Lynne Stopkewich
78,nm4243936,Harry G. Peter
79,nm2542577,Liz Jensen
80,nm7739636,Kate Collins
81,nm0003620,Kevin Smith
82,nm1662918,Tripp Rhame
83,nm1665932,Kiké Maíllo
84,nm3174584,Armando Bo
85,nm0441078,Géza Kaszás
86,nm2334642,Justin Krook
87,nm2034711,Will Slocombe
88,nm2227980,Anthony Scott Burns
89,nm3162615,Bryan Q. Miller
90,nm2180936,Claudio Herrera
91,nm1706767,Jonah Hill
92,nm8088562,Lloyd Staszkiewicz
93,nm0579079,Mike Mendez
94,nm8260883,Arun Matheshwaran
95,nm1133719,Steve Mallory
96,nm2581581,Courtney Hunt
97,nm1914394,Timothy Woodward Jr.
98,nm0897065,Grégoire Vigneron
99,nm1414749,Chris Wyatt
100,nm4227392,Mike Lawrence
101,nm0165995,Jericca Cleland
102,nm1284464,Warren P. Sonoda
103,nm0841772,Christine Swanson
104,nm0931426,Pat Williams
105,nm0652663,Patton Oswalt
106,nm0424315,Geoff Johns
107,nm1357906,Josh Bishop
108,nm2342762,Eric Falconer
109,nm0133081,Gabriel Campisi
110,nm1454108,Colin Cairnes
111,nm3950439,Ramajogayya Sastry
112,nm0366935,David Hartman
113,nm1210422,Wai Lun Ng
114,nm2559996,Mohamed Diab
115,nm7830962,Alana Smithee
116,nm0003941,David Winning
117,nm8171938,Antti Apunen
118,nm2180319,Tom Mandrake
119,nm2128335,J Blakeson
120,nm0743279,Brian L. Ross
121,nm0242903,Robin Dunne
122,nm1339400,Philippa Lowthorpe
123,nm0156213,Howard Chesley
124,nm0000601,Harold Ramis
125,nm8078611,Laura Obiols
126,nm0601781,Rich Moore
127,nm4710432,Patrick Ness
128,nm1002424,Michael Dougherty
129,nm5627015,Mohamed Hamidi
130,nm0918339,Herschel Weingrod
131,nm1131680,James Tucker
132,nm8459045,Dan Cogan
133,nm0491956,Paul Laverty
134,nm0004056,Andrew Stanton
135,nm0559105,Mate Matisic
136,nm1066482,Vinay Sapru
137,nm0312076,Tony Geiss
138,nm0055937,Kevin Barnett
139,nm1336595,Demetri Martin
140,nm1834891,Maneesh Sharma
141,nm8224460,David Nathan
142,nm5366685,Ross Adam
143,nm0243233,Mark Duplass
144,nm3321995,Andrés Duprat
145,nm1556962,Cameron Fay
146,nm2328145,Michael Lannan
147,nm0766153,Drake Sather
148,nm2955597,Iliza Shlesinger
149,nm0563243,Dan Mazer
150,nm4519461,James Spinney
151,nm2262138,Sarah Adina Smith
152,nm0332950,Ashutosh Gowariker
153,nm0686742,Pasquale Plastino
154,nm0899121,Thomas Vinterberg
155,nm0003116,Anthony C. Ferrante
156,nm0674071,Ted Perkins
157,nm2060444,Rod Blackhurst
158,nm3997700,Houda Benyamina
159,nm6890017,Mary Laws
160,nm0637493,Cyrus Nowrasteh
161,nm0177637,Greg Coolidge
162,nm0099552,Tassos Boulmetis
163,nm0381757,Olivia Hetreed
164,nm2704602,Oliver Irving
165,nm0639376,Billy O'Brien
166,nm2155679,Mani Haghighi
167,nm1571761,Sian Heder
168,nm0229026,Jasmin Dizdar
169,nm7588052,Bostjan Virc
170,nm0006856,José Luis López-Linares
171,nm6319218,Saiwyn Quadras
172,nm0185976,Peter Craig
173,nm0423524,Alejandro Jodorowsky
174,nm3011547,Barbara Marshall
175,nm2305174,Ian Fried
176,nm4846365,Jim Aparo
177,nm6224020,Hooroo Jackson
178,nm1083610,Jay Lender
179,nm4135794,Pierre Godeau
180,nm2651069,Patricio Valladares
181,nm2791452,Matt Harvey
182,nm1024677,John Krasinski
183,nm3898016,Leticia López Margalli
184,nm3267612,Ronan MacRory
185,nm1093039,Mike Flanagan
186,nm1957706,Claude Barras
187,nm0054659,Alan Barillaro
188,nm1202430,Devin Dehaven
189,nm0481990,Peter Laird
190,nm0412517,Shunji Iwai
191,nm0192463,Terry Cunningham
192,nm1044809,A. Scott Berg
193,nm2288083,Nicholas Humphries
194,nm0428600,Kirk Jones
195,nm0001094,Roald Dahl
196,nm1954504,Kyle Mann
197,nm2201450,Alper Mestçi
198,nm0863622,Bruce Timm
199,nm0483766,Jake LaMotta
200,nm0094726,Pascal Bonitzer
201,nm0171722,John Collee
202,nm0346277,Jorge Guerricaechevarría
203,nm0405551,Klaus Händl
204,nm2398585,Michael Jelenic
205,nm0275418,Jeff Feuerzeig
206,nm0369675,Chris Hauty
207,nm0992289,Russell Peters
208,nm5590180,André Kirkman
209,nm0000264,Pedro Almodóvar
210,nm5764298,Gabriel Esteves
211,nm1950575,Brad Land
212,nm3427812,Anatoly Kucherena
213,nm4694441,Romain Compingt
214,nm3593794,Judith Berg
215,nm0006516,Chris Terrio
216,nm0777305,Julius Schwartz
217,nm0331868,Igor Gotesman
218,nm1300759,Man Hong Lung
219,nm6040275,Derek Dressler
220,nm0565250,Melissa McCarthy
221,nm0899460,Leena Virtanen
222,nm0000668,Emma Thompson
223,nm1063158,Cheng'en Wu
224,nm4283294,K. King
225,nm2504581,Checco Zalone
226,nm1885371,Tim Crothers
227,nm6320585,Heather Smith
228,nm1804614,Ali Abbas Zafar
229,nm2409430,Khaled Diab
230,nm0949558,Gary Young
231,nm0171651,Bill Collage
232,nm1288396,Danny Roew
233,nm0150916,Hing-Ka Chan
234,nm3588247,Benjamin Brewer
235,nm1369754,Bob Brown
236,nm7625668,Heber Cannon
237,nm1119091,Vernon E. Mortensen
238,nm0201061,Kieran Darcy-Smith
239,nm7473774,Jean McGianni Celestin
240,nm1417392,Adam Wingard
241,nm0342303,Wilhelm Grimm
242,nm0373698,Chris Hegedus
243,nm4576033,Lee Elias
244,nm0169474,Jason Cohen
245,nm4265844,Hayden Smith
246,nm1943168,Clay Tweel
247,nm0182499,Paolo Costella
248,nm2332952,Burk Sharpless
249,nm0533284,David Mackenzie
250,nm0029242,André Téchiné
251,nm6959877,Christy Beam
252,nm0155528,Yarrow Cheney
253,nm0203993,Terence Davies
254,nm1016687,Laurent Tirard
255,nm5114739,Aleksey Krasovskiy
256,nm1286935,Mariano Cohn
257,nm0036776,Sheldon Arnst
258,nm7068204,Matt Lutz
259,nm2021453,Jeremy Benson
260,nm1227484,Kasra Farahani
261,nm1464314,Sudha Kongara
262,nm0000278,Pernilla August
263,nm0101302,Chris Bowman
264,nm3619844,Qing Yang
265,nm1461281,Melodie Sisk
266,nm4426398,Cara J. Russell
267,nm1564890,Matt Villines
268,nm1000858,Lori Forte
269,nm5022110,Michael J. Wilson
270,nm0572562,Greg McLean
271,nm4410639,Zhichao Ha
272,nm3155551,Keronda Kiki McKnight
273,nm2145370,Anders Frithiof August
274,nm2371148,Jason Zumwalt
275,nm2382268,Philippe Mechelen
276,nm0573185,Susan McMartin
277,nm0159507,Stephen Chow
278,nm1973681,Richard Tanne
279,nm0274905,Michael Ferris
280,nm0661791,Chan-wook Park
281,nm1493594,Maile Meloy
282,nm0169231,Barney Cohen
283,nm8137208,Mariana Levy
284,nm0593610,Mike Mitchell
285,nm0562830,Philippe Maynial
286,nm1258535,Pablo Solarz
287,nm3462170,Qaushiq Mukherjee
288,nm1158657,Carlos Clavijo Cobos
289,nm0416853,Ray James
290,nm0477622,Maren Louise Käehne
291,nm4283770,Victoria Rose
292,nm5336067,Harry Salmenniemi
293,nm3791015,Adrian Tanner
294,nm0464126,Nina Laurio
295,nm1840195,Koldo Serra
296,nm5335213,Tai-lee Chan
297,nm2136917,Samira Goetschel
298,nm7837906,François Ruffin
299,nm0311435,Curt Geda
300,nm4943022,Buchi Babu Sana
301,nm4507295,Michael German
302,nm0655120,Daniel Pace
303,nm0206797,Olivier Dazat
304,nm1083489,Kevin Munroe
305,nm6388416,Matteo Corradini
306,nm0556573,Adam Mason
307,nm3764732,Johannes Persson
308,nm1401416,Dana Fox
309,nm3379741,M.A. Taylor
310,nm2608327,Elena Song
311,nm0542062,Matt Manfredi
312,nm0830419,R.L. Stine
313,nm0229800,Neal H. Dobrofsky
314,nm3200012,Luca Vecchi
315,nm3250342,Christopher Louie
316,nm7534942,Livia Ungur
317,nm1518150,Mike Stoklasa
318,nm3939975,Tim Carter
319,nm0123379,Nanette Burstein
320,nm0005033,Sammo Kam-Bo Hung
321,nm3946868,Tony S. Daniel
322,nm0490640,William Lau
323,nm7837491,Yoon-Jung Lee
324,nm0473896,Fred T. Kuehnert
325,nm4443317,Xuan Liang
326,nm3667303,Emma Jensen
327,nm0484907,Christopher Landon
328,nm1258797,Sarah Waters
329,nm0933379,Erin Cressida Wilson
330,nm1167412,Aleksi Salmenperä
331,nm2497546,David F. Sandberg
332,nm5454868,Célio Porto
333,nm1517540,Rich Evans
334,nm0228542,Christian Ditter
335,nm5984688,Ellen Furman
336,nm2887579,Flula Borg
337,nm0669132,Randy Pearlstein
338,nm7843777,Nei Lu
339,nm0171381,Alex Coletti
340,nm2039903,Mikko Pöllä
341,nm3422711,Mika Rättö
342,nm6388415,Luigi Di Capua
343,nm1183376,Mia Kate Russell
344,nm1883257,Pablo Larraín
345,nm1081550,Te Arepa Kahi
346,nm2411321,D.J. Viola
347,nm6583447,Bruce Schooley
348,nm7108249,Florent Gonçalves
349,nm1554601,Ezra Edelman
350,nm1492515,Eli B. Despres
351,nm3031605,Jessie Hsiung
352,nm1334526,Simon Kinberg
353,nm2774833,Edmond Wong
354,nm1095804,Peter Chiarelli
355,nm0857620,Justin Theroux
356,nm2090975,Travis Betz
357,nm1480916,Bora Dagtekin
358,nm0536632,Sharon Maguire
359,nm1266897,Johannes Roberts
360,nm0422552,Prakash Jha
361,nm0227704,Paul Dini
362,nm0864775,Johnnie To
363,nm1641306,Taneli Mustonen
364,nm7062036,Dante Vescio
365,nm3157246,Amy Garcia
366,nm2430705,Sherng-Lee Huang
367,nm0409036,Terry Ingram
368,nm2353338,Sarah Megan Thomas
369,nm1287124,Gastón Duprat
370,nm2818863,BenDavid Grabinski
371,nm0078943,Janeen Damian
372,nm0394280,Stephen Hopkins
373,nm2606827,Tomás Weinreb
374,nm0841532,Gerry Swallow
375,nm10929689,Rob Warren Thomas
376,nm0424041,Peter Johansson
377,nm2433075,Peter Podgursky
378,nm3858733,Peter Warren
379,nm0161834,Derek Cianfrance
380,nm0497565,John H. Lee
381,nm3652021,Meera Menon
382,nm0722300,Susan Rhinehart
383,nm1111124,Tony Tulipano
384,nm0875710,Liz Tuccillo
385,nm2618128,Rob Connolly
386,nm0843467,Joe Syracuse
387,nm6902931,Irving Franco
388,nm0273863,Pascale Ferran
389,nm0637492,Betsy Giffen Nowrasteh
390,nm0309979,Massimo Gaudioso
391,nm2281884,Jeff Grace
392,nm0175305,Kevin Connolly
393,nm2952421,D.C. Hamilton
394,nm5832288,Jim McGrath
395,nm0205319,Sandra Berg
396,nm0050722,Matthew Ballen
397,nm2440902,Paul Fischer
398,nm1637876,Cameron Cairnes
399,nm7758927,Rahul Nangia
400,nm0463714,Kenneth Kokin
401,nm8435583,Marina Adair
402,nm0545382,Gilles Marchand
403,nm0190085,Barry Crump
404,nm1668171,Laurent Turner
405,nm0370937,Chad Hayes
406,nm0470514,Nicolette Krebitz
407,nm1344786,Kynan Griffin
408,nm7070947,Frank Hui
409,nm1898126,Mike Birbiglia
410,nm1622388,Kevin Schini
411,nm0918083,Len Wein
412,nm0098400,Rick Bota
413,nm4941030,Jason Zada
414,nm0742941,Gianfranco Rosi
415,nm0465033,Ivy Kong
416,nm3179964,Ezra Kemp
417,nm1899220,Simon Boyes
418,nm1253633,Kristijonas Vildziunas
419,nm0661549,Domonic Paris
420,nm0853238,Tate Taylor
421,nm4424713,Jojo Moyes
422,nm2947676,Heather MacDonald
423,nm4058421,Brian McAuley
424,nm0755966,Joey Sagal
425,nm0795975,Joe Shuster
426,nm0027948,Roberto Andò
427,nm0542752,Farhad Mann
428,nm0073850,Michael Berg
429,nm0780980,Frank Sebastiano
430,nm2207353,Ransom Riggs
431,nm4633226,Irv Novick
432,nm1033667,Michael Winnick
433,nm0746573,Michael Rowe
434,nm0112357,John Broome
435,nm0261432,Mark Esslinger
436,nm1676223,Akiva Schaffer
437,nm0001744,Tom Sizemore
438,nm1116660,Paul Wernick
439,nm0456239,Robert Kirbyson
440,nm2104063,Eric Heisserer
441,nm0515005,Sam Liu
442,nm6333772,Taryn Stenberg
443,nm1330994,Suresh Nair
444,nm2021516,Jake Szymanski
445,nm4182489,Melanie Aitkenhead
446,nm8409596,Bekir Acar
447,nm0398986,George Huang
448,nm1300956,Sanjay Masoomm
449,nm1695278,Vicente Villanueva
450,nm0926075,Sean Whitley
451,nm2147709,Alex Simmons
452,nm1443502,Jordan Peele
453,nm1346713,Paco León
454,nm2643610,Carla Cattani
455,nm0813301,Cary Solomon
456,nm2091311,Alex Jia
457,nm0002582,Christopher Rouse
458,nm6558641,Brandon Cohen
459,nm4265471,Jarrad Bhatia
460,nm0563301,Craig Mazin
461,nm0718645,Ivan Reitman
462,nm3253001,Stephanie Soechtig
463,nm6813168,Gabriel De Mercur
464,nm1259998,Mike Carey
465,nm5763277,Ama Lea
466,nm1259714,Denny O'Neil
467,nm4259881,Patrick McKay
468,nm7009590,Dan Wells
469,nm6105319,Yoo Young Ah
470,nm0007044,Nicole Lucas Haimes
471,nm2264123,Travis Campbell
472,nm2811682,David Stassen
473,nm2204730,Jamie Pachino
474,nm1805418,Supratik Sen
475,nm0096375,Sebastián Borensztein
476,nm0878756,Tom Tykwer
477,nm0006737,Hark Bohm
478,nm0946875,Herman Yau
479,nm0908024,Matthew Walker
480,nm4819186,Dharmendra Suresh Desai
481,nm7511705,Angela Boatwright
482,nm0798788,Scott Silver
483,nm0000101,Dan Aykroyd
484,nm1572769,Andy Kubert
485,nm0002184,Vic Armstrong
486,nm0093051,Uwe Boll
487,nm3276776,Dana Verde
488,nm4634203,Michael J. Tougias
489,nm0950775,Jennifer Yuh Nelson
490,nm2805697,John Cohen
491,nm1323078,Emiko Hiramatsu
492,nm7290473,Vikram Juthika
493,nm0339040,Jon Greenhalgh
494,nm0490736,Sébastien Laudenbach
495,nm0899501,Paolo Virzì
496,nm1938064,Deon Taylor
497,nm2986811,John Suits
498,nm0893872,Carlo Verdone
499,nm0176689,Gerry Conway
500,nm0408639,Carmine Infantino
501,nm1101216,Monique Zavistovski
502,nm3369437,Jesse O'Brien
503,nm0399853,Hugh Hudson
504,nm0001515,Joseph Mazzello
505,nm1257352,Julia Hart
506,nm0456158,Jack Kirby
507,nm1433493,Sami Sänpäkkilä
508,nm0593618,Monika Mitchell
509,nm8435299,Siobhan Dowd
510,nm7288036,Pedro Carvalhaes
511,nm1303925,George Pérez
512,nm1746572,Stephen Kemp
513,nm0011639,Lisa Addario
514,nm0139591,Allan Carr
515,nm0005541,Marlon Wayans
516,nm0630497,Guy Nicolucci
517,nm0628873,Jimmy Ngai
518,nm0170160,Gene Colan
519,nm3360218,Michael Finch
520,nm3617711,Ben Jacoby
521,nm1226290,Sung-su Kim
522,nm4069208,Ziga Virc
523,nm1534595,Peter Atencio
524,nm0551358,Joshua Marston
525,nm0825748,Elyse Steinberg
526,nm4808201,Christopher Monfette
527,nm8082314,Summer Johnson
528,nm5380892,Chris Chuang
529,nm0751080,Chuck Russell
530,nm2141317,Roger Ross Williams
531,nm0265422,Kevin Fair
532,nm0068587,William Brent Bell
533,nm0948159,Wilson Yip
534,nm0768139,Brian Sawyer
535,nm1930956,Robert Cannan
536,nm5958133,Bryar Freed
537,nm4436336,Miki Clarke
538,nm1053530,Tom Ford
539,nm4097598,James Cullen Bressack
540,nm2053216,Eric Johnson
541,nm0785515,David Serrano
542,nm1274464,Ville Jankeri
543,nm0792494,Julie Sherman Wolfe
544,nm0364780,Ian Harris
545,nm0589505,Wentworth Miller
546,nm2035069,Simon Kelton
547,nm0236546,William Dozier
548,nm0612816,Cristian Mungiu
549,nm0744980,Philip Roth
550,nm0872542,Christine Triano
551,nm0466153,Hirokazu Koreeda
552,nm7094085,Alec Colantonio-Ray
553,nm3267608,Aleksandr Barshak
554,nm3017413,James Hibberd
555,nm0365390,Timothy Harris
556,nm2809844,Max Adams
557,nm0673927,Dwayne Perkins
558,nm3730725,Peter Middleton
559,nm6646390,Otto Bell
560,nm0491708,Eric Lavaine
561,nm0131064,Art Camacho
562,nm0855040,David Tennant
563,nm0792263,Taylor Sheridan
564,nm0462895,David Koepp
565,nm4825581,Clay Glen
566,nm0004170,Bob Kane
567,nm1570426,Chuck Dixon
568,nm1979166,Yasmina Khadra
569,nm7290481,Srinivas Rongali
570,nm0675126,Jimmy Perry
571,nm0783913,Lorenzo Semple Jr.
572,nm0000231,Oliver Stone
573,nm0414448,Jim Jacobs
574,nm1990335,Mohana Krishna Indraganti
575,nm1720703,Chad Law
576,nm0852948,Nate Taylor
577,nm1840921,Radhika Rao
578,nm8823854,Simon Carmody
579,nm0003529,Dan Harris
580,nm2033094,Ernest Riera
581,nm2601560,Paola Mammini
582,nm0640334,Gavin O'Connor
583,nm1100123,Joe Shrapnel
584,nm8032685,Chris Tebbetts
585,nm0624963,Andrey Nekrasov
586,nm1793079,Fede Alvarez
587,nm0002433,Scott Smith
588,nm1815157,Antti Pesonen
589,nm1212903,Benedek Fliegauf
590,nm8132948,Tom Stas
591,nm0015359,Fatih Akin
592,nm1439645,Graham Nolan
593,nm0000490,Spike Lee
594,nm0002413,David Jackson
595,nm0516360,Ken Loach
596,nm1532779,Naman Ramachandran
597,nm2965282,Brian Welsh
598,nm0751648,Joe Russo
599,nm0724938,Jean-François Richet
600,nm1384462,Zach Clark
601,nm4070848,Meng Zhang
602,nm0813289,Aubrey Solomon
603,nm8205393,Benjamin
604,nm6048464,Jan Helge Lillevik
605,nm2868110,Hannibal Buress
606,nm8355614,Casey Barrett
607,nm1440023,Simon Barrett
608,nm0298807,Antoine Fuqua
609,nm0689245,Ryan Polito
610,nm0056187,Sacha Baron Cohen
611,nm3136748,Rostislav Khait
612,nm1225956,Jeremy Konner
613,nm0020820,Matt Allen
614,nm0053190,Randy Barbato
615,nm2858322,Rishi Virmani
616,nm1996352,Matthew Michael Carnahan
617,nm0385726,Tom Hines
618,nm2058180,Teena Booth
619,nm5898582,Peter Czikrai
620,nm1662707,Thomas Lilti
621,nm1018791,George Reinblatt
622,nm0900140,Jon Vitti
623,nm3204152,Barbara Curry
624,nm0193484,Ricardo Curtis
625,nm0082526,Peter Billingsley
626,nm0759536,David Salzberg
627,nm1244069,Kenya Barris
628,nm1898082,Edward Evers-Swindell
629,nm6426507,Jose Delbo
630,nm1699804,Baris Erdogan
631,nm0443024,Dan Kay
632,nm0757217,Doug Sakmann
633,nm0613084,Alice Munro
634,nm3123366,Juho Kuosmanen
635,nm4648803,Casey Sherman
636,nm5546430,Mark Rapaport
637,nm4462369,Clint Kelly
638,nm0534879,Ram Madhvani
639,nm0023315,Rick Alvarez
640,nm2411495,Gary Shore
641,nm1030706,Jae-young Kwak
642,nm0137573,Lewis John Carlino
643,nm0310168,Nils Gaup
644,nm1132203,Lionel Dutemple
645,nm6319750,Daniel Robbins
646,nm2907705,Sudip Sharma
647,nm0468995,Damjan Kozole
648,nm1252328,Tatiana Maciel
649,nm1489979,Aidee Walker
650,nm7460278,David Pulido
651,nm0528173,Tiina Lymi
652,nm8100818,Kevin Martin
653,nm0527095,Gwyn Lurie
654,nm3141562,Mike Maden
655,nm0083547,David Birke
656,nm8082506,Chun Zhang
657,nm1136647,Doug Jung
658,nm1992193,Denis Côté
659,nm1068198,Josh Fox
660,nm0818746,Evan Spiliotopoulos
661,nm1032754,Chris Sivertson
662,nm1107652,Ryan Schwartz
663,nm0000386,Roland Emmerich
664,nm0941314,Linda Woolverton
665,nm3220563,Ping Ran
666,nm4636960,Andrew Baldwin
667,nm1169495,Daniel Tosh
668,nm0945958,Bunis Yang
669,nm2752234,John Calnan
670,nm0036349,Andrea Arnold
671,nm0002180,Francesca Archibugi
672,nm8132947,Shane McKenzie
673,nm2721926,Aaron Kaufman
674,nm2100536,Matteo Rovere
675,nm1783265,Tim Miller
676,nm0951592,Mauricio Zacharias
677,nm8691513,Keke He
678,nm1395100,Tuukka Temonen
679,nm0134503,Saara Cantell
680,nm8347909,Omar Orn Hauksson
681,nm0177836,Adam Cooper
682,nm5106460,Meredith Majors
683,nm0000142,Clint Eastwood
684,nm0164851,Keith R. Clarke
685,nm1413364,Ariel Schulman
686,nm1324960,S.P. Krause
687,nm2096009,Andrew Jones
688,nm0437314,Gil Kane
689,nm3771577,Stacey Menear
690,nm1064048,Nikolaj Arcel
691,nm1680384,D. Glase Lomond
692,nm0011752,Maren Ade
693,nm0381478,Jared Hess
694,nm11243749,Xerxes Pordely
695,nm1912600,Tony Mosher
696,nm3910931,David Farrier
697,nm0366989,Leonard Hartman
698,nm1335875,Sukumar
699,nm0001281,Bobcat Goldthwait
700,nm4621803,Alex Rubens
701,nm8115248,Jun Jiang
702,nm0573732,Sean McNamara
703,nm1306819,Shannon Tindle
704,nm0214518,Daniel Defoe
705,nm0945282,Yôji Yamada
706,nm2567850,Ayesha DeVitre
707,nm4022192,Steven McNiven
708,nm0550938,Jamie Marshall
709,nm1288961,Nicolas Wright
710,nm0608999,Jesse Moss
711,nm2327205,Arne Sierens
712,nm1601644,Jennifer Lee
713,nm2373271,Matthew Sand
714,nm0177018,Douglas Cook
715,nm0254660,Tony Elliott
716,nm1723225,Nishikant Kamat
717,nm1676649,Nate Parker
718,nm1051839,Andy Lieberman
719,nm4623815,Catherine Siguret
720,nm2216909,Eugene McGing
721,nm3221887,Si-Cheun Lee
722,nm0241622,Bruno Dumont
723,nm0030417,Hideaki Anno
724,nm4511331,Dean Hewison
725,nm1899656,Patryk Vega
726,nm0662529,Oliver Parker
727,nm1481959,Takeshi Nozue
728,nm2475608,Chris Pappas
729,nm0276144,Helen Fielding
730,nm0073392,Karen Berger
731,nm1182415,Mike Sekowsky
732,nm2361458,Josh Nadler
733,nm2694430,Claire Ince
734,nm2854099,Andrea Cavaletto
735,nm4464117,Gigi Saul Guerrero
736,nm2035118,Babak Anvari
737,nm1240647,Nicolás López
738,nm4566692,Dennis Neville
739,nm1321656,Stephen McFeely
740,nm0304830,Robert Ben Garant
741,nm0777521,Robert Schwartzman
742,nm3229505,Yoni Brenner
743,nm0124089,Andrew Bush
744,nm5386794,Michelle Walshe
745,nm1818121,Nacho G. Velilla
746,nm3725167,Danny Perez
747,nm0341297,Marsha F. Griffin
748,nm0644823,Hideo Oguni
749,nm4361978,Josh Kriegman
750,nm0751577,Anthony Russo
751,nm0467942,Jim Kouf
752,nm2756158,Richard Falkner
753,nm0203961,Russell T. Davies
754,nm1662741,Daniel Altiere
755,nm1029961,Chad Hartigan
756,nm1098479,Justin Marks
757,nm4566548,Bruno Premiani
758,nm4216509,Rasmus Wassberg
759,nm3314810,Chesley Sullenberger
760,nm10667011,Florence Goupil
761,nm0505736,Thunder Levin
762,nm6031291,Polly Stenham
763,nm0104312,Rustam Branaman
764,nm0294440,Judy Freudberg
765,nm1763659,Kevin Marcus
766,nm0789366,Jessica Sharzer
767,nm1733317,Patrick Melton
768,nm1714788,Jared Cohn
769,nm1694619,John Ostrander
770,nm4720384,Randy Brown
771,nm0000095,Woody Allen
772,nm7847261,Konstantinos Moutsinas
773,nm1322477,Abhishek Chaubey
774,nm2031243,Ace Jordan
775,nm0419865,Mark Jean
776,nm0504327,Elana Lesser
777,nm5721489,Geun-seop Jeong
778,nm2669564,R. Balki
779,nm0096637,Paul Borghese
780,nm0770938,Robert Schenkkan
781,nm1340000,Juliet Snowden
782,nm0624157,Andrew Neel
783,nm0510912,Justin Lin
784,nm2194534,Adam Green
785,nm1703633,Justin Pemberton
786,nm0697014,Lonny Price
787,nm0109359,Steven Brill
788,nm0001302,Christopher Guest
789,nm4446305,Nic Pizzolatto
790,nm5707237,Roman Cílek
791,nm1198528,Doug Moench
792,nm2328765,Shamim Sarif
793,nm0622973,Morgan Navarro
794,nm0000636,William Shakespeare
795,nm0324713,Michael Goguen
796,nm2348263,Sabrina B. Karine
797,nm4413917,Mamrie Hart
798,nm1541136,Alex Rudzinski
799,nm0063165,Peter Baynham
800,nm1482634,Kraig Wenman
801,nm2770831,Brian McGinn
802,nm1231757,Noah Buschel
803,nm5722963,Mia Jiao
804,nm2275921,M.J. Offen
805,nm0141853,Nick Carter
806,nm1442873,Mika Taanila
807,nm2543774,Emilis Velyvis
808,nm1158544,Jared Bush
809,nm6072387,Kenneth Powell
810,nm1396121,Makoto Shinkai
811,nm4528537,Nick Antosca
812,nm0835194,Victoria Strouse
813,nm0870469,Dan Trachtenberg
814,nm1131306,Jason Faller
815,nm0138759,Marcos Carnevale
816,nm0717678,Fergal Reilly
817,nm0059088,Amanda Barton
818,nm0364963,Kirk Harris
819,nm1101630,Dave Eggers
820,nm0276039,S.S. Field
821,nm1444412,Osmany Rodriguez
822,nm2073372,Nicolas Pesce
823,nm0230666,Walt Dohrn
824,nm1354901,Leigh Dunlap
825,nm2888684,Josie Trinidad
826,nm0773884,John Schneider
827,nm1014201,Rhett Reese
828,nm2105585,Tobias Lindholm
829,nm3189521,Jeff Stewart
830,nm3305734,Daniel González
831,nm0313623,Terry George
832,nm0294522,Anthony Frewin
833,nm0293611,Todd E. Freeman
834,nm0231596,Andrew Dominik
835,nm1404105,Matti Halonen
836,nm0384825,John Hillcoat
837,nm4316121,Veronica Roth
838,nm1092072,Jarrett Grode
839,nm1031639,Cedric Nicolas-Troyan
840,nm6282538,Carlos Faria
841,nm5136172,Dan Antoniazzi
842,nm1701420,Nicole DeMasi
843,nm3231710,Dylan Meyer
844,nm1351557,Molly Prather
845,nm0000229,Steven Spielberg
846,nm3745731,Bogdan Mirica
847,nm0780825,Carl Seaton
848,nm0866038,Jonathan Tolins
849,nm6881621,Sawyer Perry
850,nm5616219,Nagraj Manjule
851,nm2417866,David Barstow
852,nm2021909,Toby Halbrooks
853,nm0075666,Joe Berlinger
854,nm1256143,David Kerr
855,nm0051972,Lance Bangs
856,nm6828079,Adrienne Thorne
857,nm0193554,Vondie Curtis-Hall
858,nm1642224,Sidney Karger
859,nm0632382,Adam Nimoy
860,nm0169806,Taika Waititi
861,nm0200403,Michelle Danner
862,nm0528244,Brian Lynch
863,nm1504572,Bob Nelson
864,nm2609807,Kelly Fremon Craig
865,nm10475918,Joyzel Acevedo
866,nm3532802,Sam Wrench
867,nm4636143,Rami Hachache
868,nm1321655,Christopher Markus
869,nm1470084,Amy Fox
870,nm0244058,Brook Durham
871,nm1868849,Seth W. Owen
872,nm8254778,Vipul K. Rawal
873,nm2904191,Soyoung Lee
874,nm0218204,J.M. DeMatteis
875,nm5853165,Colin Harrison
876,nm7702379,Declan Power
877,nm1746309,Mark Chappell
878,nm4138262,Ribhu Dasgupta
879,nm0427037,Antti Jokinen
880,nm3475267,Steve Greene
881,nm4136881,David Steenhoek
882,nm4441810,Kiran Yadnyopavit
883,nm1123994,James A. Woods
884,nm4678928,Mikael Hed
885,nm2484885,Courtney Ware
886,nm2452397,Robert Mazur
887,nm0067457,Timur Bekmambetov
888,nm0316795,Alex Gibney
889,nm0652801,Cristina Otero
890,nm1325899,Travis Knight
891,nm4858446,Tyler W. Konney
892,nm0001741,Bryan Singer
893,nm1061418,Micah Wright
894,nm6710963,Michael Cody
895,nm0498278,Stan Lee
896,nm3755041,Sharon Wilharm
897,nm0868153,Giuseppe Tornatore
898,nm0793840,Akiyuki Shinbo
899,nm1767754,Katie Dippold
900,nm2950727,Tuomas Laurila
901,nm1220140,James Watkins
902,nm1435939,Cris Jones
903,nm0806002,Paul Sloan
904,nm0598531,Mark Monroe
905,nm1726691,Adam Randall
906,nm0202425,Ken Daurio
907,nm0005366,Jay Roach
908,nm0799562,David Simkins
909,nm4057793,Bill Dubuque
910,nm0000144,Cary Elwes
911,nm0290556,James Franco
912,nm1579902,Sharon Kleinberg
913,nm0758010,Murray Salem
914,nm0326211,Gary Goldstein
915,nm2523380,Paul Davis
916,nm1157527,Andrew Jay Cohen
917,nm6440635,Manouchehr Hadi
918,nm0000948,Shane Black
919,nm1826454,Seong-hun Kim
920,nm3613117,Greg Kwedar
921,nm1222421,Trevor Wall
922,nm5726827,Brett Glassberg
923,nm0005061,Quincy Jones III
924,nm3227090,Damien Chazelle
925,nm0784008,Ivan Sen
926,nm6451383,Mark W. Curran
927,nm3782043,Ariel Shaffir
928,nm2048769,Takashi Hasegawa
929,nm0002700,Malcolm D. Lee
930,nm3286715,Sergey Petreykov
931,nm1031708,Mikkel Nørgaard
932,nm4260438,John D. Payne
933,nm0086912,Alain-Michel Blanc
934,nm6446224,Brinna Kelly
935,nm0002645,Paolo Genovese
936,nm1319586,Al Milgrom
937,nm1738082,Dani de la Orden
938,nm0000500,Richard Linklater
939,nm2239581,Gabriel Ripstein
940,nm2589786,Spencer Averick
941,nm0909568,Bradley Walsh
942,nm0596407,Hans Petter Moland
943,nm1749125,Diego San José
944,nm2791125,Anthony Gaudioso
945,nm0842523,Robin Swicord
946,nm3550361,Sarik Andreasyan
947,nm0932104,Martha Williamson
948,nm0848496,Paul Tamasy
949,nm7882777,Owen Suskind
950,nm4272197,Gevond Andreasyan
951,nm0493225,Guy Lawson
952,nm5654941,Chris Anderson
953,nm3812261,Francesca Manieri
954,nm0082450,Paul Feig
955,nm1100217,Richie Smyth
956,nm1130496,Alysia Reiner
957,nm0139867,Steve Carr
958,nm2223783,Haifaa Al-Mansour
959,nm0229172,Philippe Djian
960,nm2021934,Christian Tureaud
961,nm0001241,Stephen Frears
962,nm7839383,Xiao Song
963,nm2985554,Rhonda Baraka
964,nm5056902,Tharun Bhascker Dhaassyam
965,nm0299301,John Fusco
966,nm0925220,Michael Jai White
967,nm8221259,Hussain Sha Kiran
968,nm0269463,Jon Favreau
969,nm0908753,Lew Wallace
970,nm2361509,Guy Busick
971,nm5390305,M.L. Stedman
972,nm1467010,Dan Brown
973,nm1909937,Philip Shelby
974,nm0000041,Akira Kurosawa
975,nm1510517,Matthew Hamachek
976,nm2788920,Dominic Morgan
977,nm0335666,Susannah Grant
978,nm0275629,Glenn Ficarra
979,nm0337773,David Gordon Green
980,nm1106214,Erica Rivinoja
981,nm0817023,Nicholas Sparks
982,nm1108007,David Lowery
983,nm0367524,Gary Harvey
984,nm0329715,Adoor Gopalakrishnan
985,nm3992361,Pirie Martin
986,nm0227625,Sheng Ding
987,nm1399170,Mushtaq Sheikh
988,nm1625338,Dinesh D'Souza
989,nm0933128,Caleb Wilson
990,nm1383080,Nigel Levy
991,nm2980183,Aditi Mediratta
992,nm6711056,Joo-Suk Park
993,nm0781683,Sirivennela Seetharama Sastry
994,nm0297946,Hiroshi Fukazawa
995,nm0601382,John Moore
996,nm3035236,Vasan Bala
997,nm1235154,Deon Cole
998,nm0564260,Don McBrearty
999,nm6893138,Barry Jay
1000,nm4395909,Luca Ravenna
1001,nm0867210,Kelvin Tong
1002,nm1242454,Amitabh Verma
1003,nm0580669,James Merendino
1004,nm0075696,Andrea Berloff
1005,nm2158772,Jeff Nichols
1006,nm5682145,Cho Jung-Rae
1007,nm2680506,Sharat Katariya
1008,nm2738907,Filippo Gravino
1009,nm1758406,Glenn Montgomery
1010,nm1740683,Daniel Fleuette
1011,nm0670408,Simon Pegg
1012,nm2392222,Oscar Sharp
1013,nm1365912,David Giuntoli
1014,nm0245112,Clea DuVall
1015,nm0003960,Zrinko Ogresta
1016,nm7893145,Nessim Chikhaoui
1017,nm0923980,William Wheeler
1018,nm0824882,Burr Steers
1019,nm0828945,Guy Stevenson
1020,nm1337885,Jeff Baena
1021,nm2131687,Héctor Cabello Reyes
1022,nm1032743,Bryan Sipe
1023,nm1098493,Rawson Marshall Thurber
1024,nm8341683,Stephanie Saul
1025,nm1948885,Matt Sazama
1026,nm0886976,Felix van Groeningen
1027,nm0921013,Richard Wenk
1028,nm0266622,Rick Famuyiwa
1029,nm2130099,Rick Yancey
1030,nm2947553,Hong-jin Na
1031,nm0617407,Aleksi Mäkelä
1032,nm0677321,Nicholas Peterson
1033,nm0302778,Joel Gallen
1034,nm1490123,James Wan
1035,nm1097510,Anthony Jaswinski
1036,nm0777881,Robert Schwentke
1037,nm1154886,Galen T. Chu
1038,nm4319770,Jeong-un Oh
1039,nm4371874,Amber Coney
1040,nm0438461,Abhishek Kapoor
1041,nm0305017,Liz Garbus
1042,nm0001348,Werner Herzog
1043,nm0266255,Jun Falkenstein
1044,nm3374051,Fernando Pérez
1045,nm2140186,Rodo Sayagues
1046,nm0001317,Renny Harlin
1047,nm0736622,Seth Rogen
1048,nm3515259,Adam Hirsch
1049,nm3773434,Kyle Hunter
1050,nm2684095,Steven Gomez
1051,nm1439465,Ernie Colon
1052,nm0160935,Daniel Chuba
1053,nm3466037,Seth M. Sherwood
1054,nm2341285,Petr Kazda
1055,nm2438571,Topher Payne
1056,nm1130190,Fernando Lebrija
1057,nm4584004,Dileesh Pothan
1058,nm0925482,Stiles White
1059,nm0646515,Jay Oliva
1060,nm0332287,José Pedro Goulart
1061,nm8303162,Gary Cohn
1062,nm4816469,Luke Harding
1063,nm5533999,Zhengyu Lu
1064,nm4707696,Elizabeth Morris
1065,nm1136420,Sarah Tiana
1066,nm3262328,Rick Morales
1067,nm2468920,Bob Woolsey
1068,nm6464289,Shane McKenzie
1069,nm1430396,Danny Kolker
1070,nm1943791,Rafael Cobos
1071,nm0000464,Jim Jarmusch
1072,nm0946883,Nai-Hoi Yau
1073,nm2057242,Brandi Harkonen
1074,nm0361135,Mia Hansen-Løve
1075,nm2085654,Adam Alleca
1076,nm4382298,Rene Gutteridge
1077,nm0741507,Kate Rose
1078,nm1324710,Martin Zandvliet
1079,nm2948393,Leonid Barats
1080,nm8368736,David Shapiro
1081,nm1015063,Jay Karas
1082,nm0854185,Miguel Tejada-Flores
1083,nm0007082,John Stockwell
1084,nm2024927,Alan Ritchson
1085,nm0850307,Juan Taratuto
1086,nm0717550,Ethan Reiff
1087,nm1156199,Alex Ranarivelo
1088,nm2959382,Victoria Lesiw
1089,nm1253546,Syllas Tzoumerkas
1090,nm0549393,Malcolm Marmorstein
1091,nm0919115,Michael D. Weiss
1092,nm0672060,D.A. Pennebaker
1093,nm0465484,Chuck Konzelman
1094,nm1439346,John Lyde
1095,nm0453115,Taran Killam
1096,nm1066073,Sheldon Moldoff
1097,nm0006534,Phil Hay
1098,nm0236854,Arnold Drake
1099,nm0370928,Carey W. Hayes
1100,nm4732914,Jacey Heldrich
1101,nm5717001,Eric Pennycoff
1102,nm1848130,Aleksi Hyvärinen
1103,nm6947132,Andrey Gavrilov
1104,nm3030296,Argyris Papadimitropoulos
1105,nm5873153,Joe Stas
1106,nm2452582,Devin Graham
1107,nm1672246,Jorma Taccone
1108,nm1038805,Clark Cheng
1109,nm0367230,Everette Hartsoe
1110,nm1592437,José Alba
1111,nm0546078,Bradley Marcus
1112,nm2683818,Sean Gaffney
1113,nm4733044,Matthew L. Schaffer
1114,nm1048560,Marcus Raboy
1115,nm0046524,Anthony Bagarozzi
1116,nm0596962,Dominik Moll
1117,nm1988881,Tomas Portella
1118,nm1189346,Gardner Fox
1119,nm0223804,Alan DiFiore
1120,nm1071898,Dylan Kidd
1121,nm1702396,Josh Comers
1122,nm0218318,William DeMeo
1123,nm2805228,Sean Dulake
1124,nm0667330,Tiffany Paulsen
1125,nm0043742,David Ayer
1126,nm1147759,Mike W. Barr
1127,nm3051114,Anthony D'Souza
1128,nm0464548,Todd Komarnicki
1129,nm0337833,Eugène Green
1130,nm8353906,Aleksey Karaulov
1131,nm4915976,Tikhon Kornev
1132,nm7483705,Matt Young
1133,nm7691245,Lucas Bucci
1134,nm1432013,Lori Mather-Welch
1135,nm1010896,Bonni Cohen
1136,nm2238667,Anu Aun
1137,nm2200708,Brian Oakes
1138,nm0372138,James Head
1139,nm2406892,Ben Ketai
1140,nm4273743,Tin Shu Mak
1141,nm4396602,Thomas Della Bella
1142,nm2452107,Jesse Joyce
1143,nm0442207,Lloyd Kaufman
1144,nm0334787,Michael Grandage
1145,nm2594149,Paul Aiello
1146,nm0230859,Xavier Dolan
1147,nm0229801,Tippi Dobrofsky
1148,nm1975882,Scott Turpel
1149,nm0770848,Jeffrey Schenck
1150,nm0277730,Bill Finger
1151,nm1568755,Brian Azzarello
1152,nm3798121,Filippo Bologna
1153,nm6290393,Jeanne Ryan
1154,nm1618225,Peter A. Dowling
1155,nm0623604,Dylan Neal
1156,nm0000682,Paul Verhoeven
1157,nm0519154,Rachel Long
1158,nm2074041,Rachel Tunnard
1159,nm4638841,Niisku Haapala
1160,nm2082787,Brian Bolland
1161,nm0938379,Marv Wolfman
1162,nm7040899,Shane Amsterdam
1163,nm8303902,Khalladi Shérazade
1164,nm0619762,Mira Nair
1165,nm3033111,Adam Stephen Kelly
1166,nm7343182,Jeff Richard
1167,nm1634307,Kieran Fitzgerald
1168,nm4950667,Creighton Rothenberger
1169,nm0052442,Steve Bannon
1170,nm1513241,Jay Bauman
1171,nm0001756,Barry Sonnenfeld
1172,nm0342278,Jacob Grimm
1173,nm0821179,Hanala Sagal
1174,nm2559080,Elizabeth Wood
1175,nm0645240,Miikko Oikkonen
1176,nm1323584,Mads Matthiesen
1177,nm0743671,Matt Ross
1178,nm3702103,James Dean Simington
1179,nm1429512,Jason Smilovic
1180,nm8281888,Cherryyoko
1181,nm0734472,Gene Roddenberry
1182,nm0266045,Adriana Falcão
1183,nm0504642,Louis Leterrier
1184,nm0333060,David S. Goyer
1185,nm0345615,Christian Gudegast
1186,nm1496686,Trey Nelson
1187,nm0716347,Nicolas Winding Refn
1188,nm3203841,Chad St. John
1189,nm4565159,Bob Rozakis
1190,nm2603491,Sung-soo Kim
1191,nm2951613,Gilles Paris
1192,nm1556126,Scott Milam
1193,nm3743255,Triin Ruumet
1194,nm1985424,Jarrett Lee Conaway
1195,nm0931937,William Carlos Williams
1196,nm3396634,Aleksey Onishchenko
1197,nm1318193,Man-Hee Lee
1198,nm7770042,Teri Wilson
1199,nm3857698,Andreas Lampropoulos
1200,nm1074879,Kellie D. Lewis
1201,nm1217916,Julian Sheppard
1202,nm1956691,Jamie Linden
1203,nm0567620,John Michael McDonagh
1204,nm1964923,Habib Faisal
1205,nm0122334,Alan Burnett
1206,nm2689835,Jean-Luc Lagarce
1207,nm2847100,Tiffany Hsiung
1208,nm1417099,Paul Stodolny
1209,nm6546947,Antony Jones
1210,nm4021083,Mitchell Zuckoff
1211,nm0692708,Ari Posner
1212,nm0230669,Davis Doi
1213,nm0014960,Alexandre Aja
1214,nm3136866,Kevin Van Stevenson
1215,nm0198938,Lamar Damon
1216,nm3451227,Nisio Isin
1217,nm1164921,Torstein Grude
1218,nm2965766,Nikolay Kulikov
1219,nm0649460,Roberto Orci
1220,nm0848414,Lee Tamahori
1221,nm2878787,Frank Robbins
1222,nm0957169,Daniel Zirilli
1223,nm0024925,Hossein Amini
1224,nm1173295,Matthew Stuecken
1225,nm0000318,Tim Burton
1226,nm4544331,Syam Pushkaran
1227,nm6493866,Preeti Mamgain
1228,nm5650589,Nalan Kumarasamy
1229,nm0701445,Shaun Pye
1230,nm0927382,Christopher Wiehl
1231,nm0682063,Jim Piddock
1232,nm1390437,Gary Lundgren
1233,nm1135423,Darren Lynn Bousman
1234,nm3613566,Sang-ho Yeon
1235,nm3834300,Noah Oppenheim
1236,nm1941029,Seo-kyeong Jeong
1237,nm1122940,Benjamin Morgaine
1238,nm1103162,Tim Story
1239,nm0146991,Fred Cavayé
1240,nm2410081,Lok Man Leung
1241,nm8356897,Eun-ill Lee
1242,nm1777773,Nicole Jefferson Asher
1243,nm0716980,Kelly Reichardt
1244,nm1436477,Nuno Markl
1245,nm2093933,Joshua Caldwell
1246,nm8540931,Thomas Dam
1247,nm0326040,Akiva Goldsman
1248,nm1908787,Mikko Myllylahti
1249,nm2832403,Juan Reina
1250,nm3131921,Brian Allgeier
1251,nm0239725,Olivier Ducastel
1252,nm4711195,Sharon Bolton
1253,nm2371802,Thomas Kail
1254,nm0140902,Lewis Carroll
1255,nm0001775,Whit Stillman
1256,nm2306331,Sean Macaulay
1257,nm0889522,Nia Vardalos
1258,nm6108735,Vladek Zankovsky
1259,nm0497398,Ho-jae Lee
1260,nm0989941,Shintaro Shimosawa
1261,nm0316447,Andrea Gibb
1262,nm2282414,Paul V. Seetachitt
1263,nm8413781,Christian La Monte
1264,nm0000149,Jodie Foster
1265,nm0277813,Hugh Fink
1266,nm0368074,Shinobu Hashimoto
1267,nm2673018,Lusa Silvestre
1268,nm1100075,Shaktimaan Talwar
1269,nm0638115,Gennaro Nunziante
1270,nm0517768,Dimitri Logothetis
1271,nm1802449,Rajat Arora
1272,nm3893748,Stephen Reynolds
1273,nm1897448,Daniel Marc Dreifuss
1274,nm0846070,Kristoffer Tabori
1275,nm2406394,Otto Binder
1276,nm2462311,Aleksey Mizgiryov
1277,nm0862211,Mike Thurmeier
1278,nm0666806,Don Michael Paul
1279,nm0666791,Cinco Paul
1280,nm1132447,Julien Hervé
1281,nm8245357,Manoj Tripathi
1282,nm0497231,Erica Li
1283,nm3361397,Tatsuya Oishi
1284,nm0999118,Michael Sinterniklaas
1285,nm5979724,Guillermo Calderón
1286,nm4789858,Janne Suhonen
1287,nm0666248,James Patterson
1288,nm0401195,Koan Hui
1289,nm0198810,Israel Sasha Demidov
1290,nm0712330,Rolando Ravello
1291,nm2752098,Chris Butler
1292,nm3814074,Tomasz Wasilewski
1293,nm1190816,Dylan Reeve
1294,nm1540404,Max Minghella
1295,nm2353561,Chuck Hogan
1296,nm4966991,Germano Zullo
1297,nm1811127,Joel Potrykus
1298,nm5671757,Cody Kennedy
1299,nm0000807,Jane Austen
1300,nm6176498,S.U. Arun Kumar
1301,nm8060038,Wolfgang Matzl
1302,nm5092324,Kim Barker
1303,nm0723351,Anne Rice
1304,nm4008890,Adam Egypt Mortimer
1305,nm0726638,Patricia Riggen
1306,nm0801220,Stuart Simpson
1307,nm1264352,Susanna White
1308,nm2387233,Vicky Wong
1309,nm4894169,Ian Sbf
1310,nm0819225,Emily Spivey
1311,nm3102998,Bo Burnham
1312,nm0126208,John Byrne
1313,nm0811583,Zack Snyder
1314,nm0524924,Robert Ludlum
1315,nm3603758,Michael Doneger
1316,nm0057842,Olivier Baroux
1317,nm0160840,Jon M. Chu
1318,nm1557894,P.G. Morgan
1319,nm3527897,Jordan Horowitz
1320,nm8355610,Brian T. Brown
1321,nm1376062,Hubbel Palmer
1322,nm1208603,Kyle Pennekamp
1323,nm2846800,Brendan Mertens
1324,nm2207625,Kleber Mendonça Filho
1325,nm0320910,Jill Girling
1326,nm1026778,Brad Furman
1327,nm0047259,Fenton Bailey
1328,nm0845464,Hjalmar Söderberg
1329,nm1510062,Mikey Day
1330,nm1520912,Robert Mearns
1331,nm2648812,Andrew Orr
1332,nm3601001,Paloma Aguilera Valdebenito
1333,nm2296215,Brian David Lazarte
1334,nm1823243,Reinert Kiil
1335,nm4098523,Anna Elizabeth James
1336,nm0426785,Michelle Johnston
1337,nm0440604,Anurag Kashyap
1338,nm8341682,David Rohde
1339,nm2672655,Oleg Malovichko
1340,nm1142065,Samantha Mazeras
1341,nm1229861,Paige Cameron
1342,nm0228262,Mark DiSalle
1343,nm1747747,Ravn Lanesskog
1344,nm0462525,Anya Kochoff
1345,nm0821466,Jerry Stahl
1346,nm1061091,Josh Campbell
1347,nm2489193,Evan Daugherty
1348,nm0508052,Crash Leyland
1349,nm8421031,Harri Sippola
1350,nm0874683,Kan-Cheung Tsang
1351,nm0888743,James Vanderbilt
1352,nm7407118,Lars Hubrich
1353,nm0362544,Gary Hardwick
1354,nm0354091,Andrew Haigh
1355,nm0800209,Joe Simon
1356,nm0689185,Mark Polish
1357,nm3016523,Hyeon-jin Park
1358,nm0518070,Kim-Ching Luk
1359,nm1210118,Ho Leung Lau
1360,nm0748429,Cliff Ruby
1361,nm2594800,Ryan Bosworth
1362,nm1170333,Kacey Arnold
1363,nm9822757,Sonu Sinha
1364,nm0566100,Hamish McColl
1365,nm0098953,Rachid Bouchareb
1366,nm0533145,David Mackay
1367,nm0403629,Michael Hurst
1368,nm3143608,Anna Waterhouse
1369,nm1113379,Ben Bachar
1370,nm4256393,Brian Pittman
1371,nm1199351,Marc Haimes
1372,nm0616880,Toni Myers
1373,nm0269899,Neill Fearnley
1374,nm3457034,Mathieu Oullion
1375,nm0184302,Suzette Couture
1376,nm4919186,Mark Bianculli
1377,nm0303503,Luís Galvão Teles
1378,nm6287571,Chris Kelly
1379,nm3986004,Dustin T. Benson
1380,nm1079776,George Nolfi
1381,nm1189755,Jonathan Jakubowicz
1382,nm1229520,Ben Falcone
1383,nm0449431,András Kern
1384,nm0584770,Simon Michaël
1385,nm0692634,Brian Posehn
1386,nm1996138,Manuela Burló Moreno
1387,nm0271017,David Feldman
1388,nm2016161,Sanyuktha Chawla Shaikh
1389,nm2317758,Caito Ortiz
1390,nm0000580,Luke Perry
1391,nm0423333,Phil Joanou
1392,nm2791716,James Gaudioso
1393,nm3156749,Cecilia Contreras
1394,nm1193346,Sean Ellis
1395,nm4965683,Malik Rumeau
1396,nm1666855,Raúl Arévalo
1397,nm0334381,Seth Grahame-Smith
1398,nm1289517,Kara Holden
1399,nm3670452,Jeff Howard
1400,nm0552842,Nicholas Martin
1401,nm2439708,Shakun Batra
1402,nm0619836,Babak Najafi
1403,nm2621817,Adrian Picardi
1404,nm2351757,Brian Hastings
1405,nm10603426,Enming Zhang
1406,nm2660044,Tom Segura
1407,nm0725983,John Ridley
1408,nm0189144,David Cross
1409,nm0194274,Catherine Cyran
1410,nm0553942,Steve Martino
1411,nm1921345,Steven C. Miller
1412,nm0008743,Jonathan Aibel
1413,nm0778343,Thorsten Schütte
1414,nm0799050,Marc Silverstein
1415,nm0543283,Harold Manning
1416,nm0456017,Rudyard Kipling
1417,nm1181258,Zoé Galeron
1418,nm0600872,Alan Moore
1419,nm0387890,Jonathan Hock
1420,nm0558873,Nic Mathieu
1421,nm8281887,Samson Sun
1422,nm4399227,Ali Wong
1423,nm0589316,Seton I. Miller
1424,nm4806266,Mickey Keating
1425,nm1552637,Dennis Widmyer
1426,nm1676221,Andy Samberg
1427,nm1880561,Harold Cronk
1428,nm0599472,Rafael Montero
1429,nm1335664,Peter Schweizer
1430,nm1393214,Brandon Broussard
1431,nm2530490,Al Plastino
1432,nm2318089,Kate Siegel
1433,nm1789315,Jenna Ricker
1434,nm0142636,Robert Cary
1435,nm1697290,Charles Barker
1436,nm2092839,Mark Millar
1437,nm1179457,Milap Zaveri
1438,nm1148550,Ava DuVernay
1439,nm4766743,Benjamin Font
1440,nm0924896,J.B. White
1441,nm0242658,Kevin Dunn
1442,nm8082316,Zac Blair
1443,nm0569790,Douglas McGrath
1444,nm6026697,Steven Leckart
1445,nm3065748,Tobias Nölle
1446,nm0198755,Michael Damian
1447,nm0375876,Conrad Helten
1448,nm1054899,Sophie Goodhart
1449,nm3098414,Nick Thornborrow
1450,nm0074184,Glenn Berger
1451,nm1942836,Martin Durkin
1452,nm4716566,Joel Morgan
1453,nm0796950,Jerry Siegel
1454,nm5733685,Diego Ayala
1455,nm4945007,Tony Hinchcliffe
1456,nm1754478,Padraig Reynolds
1457,nm1834338,Sagar Pandya
1458,nm0157787,Stephen Chin
1459,nm0004412,Ed Solomon
1460,nm0997990,Thomas Edward Seymour
1461,nm0495536,Nikolay Lebedev
1462,nm8412322,Rahul Ramakrishna
1463,nm6099014,Don Newton
1464,nm0004214,Bey Logan
1465,nm0443582,Nicholas Kazan
1466,nm2886415,Christian Sellers
1467,nm7545694,Joanne Fluke
1468,nm1062565,Jay Longino
1469,nm5325195,Jonathan Evison
1470,nm7495619,Wolfgang Herrndorf
1471,nm1125328,Carter Blanchard
1472,nm0517589,John Logan
1473,nm0175383,Alan Connor
1474,nm2320169,Mike Young
1475,nm0383273,David Higby
1476,nm5460212,Ori Halevy
1477,nm0335980,Puk Grasten
1478,nm2443713,Arthur Cary
1479,nm8311420,Alex Hastings
1480,nm0957772,Rob Zombie
1481,nm0776271,John Schultz
1482,nm0647695,Jussi Adler-Olsen
1483,nm0731930,Lanie Robertson
1484,nm5255735,Christopher Hyde
1485,nm1033517,Ariel Vromen
1486,nm1970598,Kirill Serebrennikov
1487,nm3871075,Abhijeet Shirish Deshpande
1488,nm3095779,Bob Haney
1489,nm7827610,Michael Angelo
1490,nm4389150,Ali Abbasi
1491,nm0829820,Scott Stewart
1492,nm0887153,Doesjka van Hoogdalem
1493,nm5082761,Alex Brewer
1494,nm0002041,Dean Devlin
1495,nm1385080,Chi Keung Fung
1496,nm0282064,Mandie Fletcher
1497,nm0680846,Todd Phillips
1498,nm2495732,Daniel Ragussis
1499,nm0456509,Lee Kirk
1500,nm1616666,Brett Granstaff
1501,nm2341319,Christian Sesma
1502,nm1768304,Gee Malik Linton
1503,nm1802093,Brian DeCubellis
1504,nm2656048,Karl Mueller
1505,nm0441839,Ross Katz
1506,nm0304541,Dennis Gansel
1507,nm0001754,Todd Solondz
1508,nm0756983,Hironobu Sakaguchi
1509,nm3846239,Christopher Storer
1510,nm0402493,Jeffrey G. Hunt
1511,nm1142073,Colm McCarthy
1512,nm5105724,Chris Majors
1513,nm0950759,Woo-Ping Yuen
1514,nm1896429,Johanna Hartikainen
1515,nm0720135,John Requa
1516,nm0000916,Peter Berg
1517,nm0004152,Roel Reiné
1518,nm2101545,Cecilia Aranovich
1519,nm3163794,Pa. Ranjith
1520,nm1757777,Dave Green
1521,nm0562775,Mimi Maynard
1522,nm0838289,Peter Sullivan
1523,nm0841291,Ognjen Svilicic
1524,nm0190988,Nicolas Cuche
1525,nm0099521,Bouli Lanners
1526,nm3217092,Renars Vimba
1527,nm0520569,Olivier Lorelle
1528,nm0664760,Angelo Pasquini
1529,nm0000165,Ron Howard
1530,nm0002657,Gary Ross
1531,nm3208946,Matt Cook
1532,nm0534856,Madhavan
1533,nm4381735,Emmy Blotnick
1534,nm0397174,Byron Howard
1535,nm1411972,Alex Lehmann
1536,nm2884816,Rebecca Daly
1537,nm3429375,Michael Schwartz
1538,nm0065847,Michael Frost Beckner
1539,nm0181741,Don Coscarelli
1540,nm2609083,Sergio Sánchez
1541,nm1047603,Jerry Robinson
1542,nm8082313,Christoph Younes
1543,nm0138809,John Carney
1544,nm0180506,Sarah Cornwell
1545,nm2686579,T.J. Fixman
1546,nm0719208,Chris Renaud
1547,nm8132946,Robert Phelps
1548,nm3242689,Edward Ricourt
1549,nm0310329,Yvan Gauthier
1550,nm6611534,Marius von Mayenburg
1551,nm6461877,Brandon Trask
1552,nm7115005,Thomas Ng
1553,nm3309607,Bryan Madole
1554,nm2615181,Philip Carlo
1555,nm7960762,Irene Brand
1556,nm0399520,Emily Hubley
1557,nm4423914,Vishal Vijay Kumar
1558,nm4179382,Jevons Au
1559,nm1556116,Kevin Kölsch
1560,nm2027904,Scott Crowell
1561,nm3281140,Fernando Navarro
1562,nm1329166,Raja Menon
1563,nm0000241,Jean-Claude Van Damme
1564,nm1548930,Paul Duddridge
1565,nm1812944,Jim Jefferies
1566,nm1937760,Ritesh Shah
1567,nm7427876,Lily Hollander
1568,nm0000881,Michael Bay
1569,nm4235049,Ognjen Glavonic
1570,nm1291105,J.A. Bayona
1571,nm7827939,Malcolm T. Goldman
1572,nm1637785,Liza Johnson
1573,nm2118270,Dániel Tiszeker
1574,nm0315041,Ricky Gervais
1575,nm4923135,Rodrigo Gasparini
1576,nm1698571,Evan Goldberg
1577,nm1928581,Baya Kasmi
1578,nm2154550,Reza Maghsoodi
1579,nm0911933,Zack Ward
1580,nm0284774,Anne Fontaine
1581,nm1601882,Phil Johnston
1582,nm0750000,Mogens Rukov
1583,nm1461945,Kevin Burke
1584,nm2477449,Michael Ferrucci
1585,nm0940125,Bronte Woodard
1586,nm3453283,Dan Kwan
1587,nm0318916,Craig Gillespie
1588,nm1895993,Brendan O'Brien
1589,nm0970447,Conrad Vernon
1590,nm0937306,Bille Woodruff
1591,nm0710420,Arthur Ransome
1592,nm0424901,David Leslie Johnson-McGoldrick
1593,nm0553303,Jacques Martineau
1594,nm1002012,Rich Tabach
1595,nm0953511,Travis Zariwny
1596,nm0479507,Jacques Labib
1597,nm0002973,Lev L. Spiro
1598,nm0701396,Olivier Py
1599,nm1167049,Fábio Porchat
1600,nm0533691,Angus MacLane
1601,nm2300216,Ómar Örn Hauksson
1602,nm2279441,Philip Koch
1603,nm1233089,Itzik Kricheli
1604,nm2194973,Damon Tod Hill
1605,nm0002042,Charles Dickens
1606,nm0005190,Garry Marshall
1607,nm0493257,Josh Lawson
1608,nm1639277,Michael Tiddes
1609,nm1160962,Henry Joost
1610,nm3857525,Kostas Skiftas
1611,nm8415573,Jan Bubenicek
1612,nm1537777,Hudson Obayuwana
1613,nm2329814,Chris Whaley
1614,nm5457825,Mark Elijah Rosenberg
1615,nm0766837,Jennifer Saunders
1616,nm0823721,Ben Stassen
1617,nm0142286,D.J. Caruso
1618,nm1061622,Robert Carlock
1619,nm0032227,Josh Appelbaum
1620,nm3999347,Dan St. Germain
1621,nm0219971,Sunny Deol
1622,nm0625858,André Nemec
1623,nm0676032,Pekko Pesonen
1624,nm1729303,Marcus Dunstan
1625,nm0689187,Michael Polish
1626,nm0346841,Martin Guigui
1627,nm0551376,William Moulton Marston
1628,nm1090998,Cristi Puiu
1629,nm2735137,Paul Negoescu
1630,nm1065547,Witi Ihimaera
1631,nm0383688,Shinji Higuchi
1632,nm0463359,Abby Kohn
1633,nm2165066,Carles Torrens
1634,nm1358020,Joshua Krause
1635,nm2288528,Laurence Rosenthal
1636,nm1164552,Florian David Fitz
1637,nm1761722,Enrique Begné
1638,nm3286079,Clint Bentley
1639,nm0339030,Paul Greengrass
1640,nm0218621,James DeMonaco
1641,nm0714114,Jim Reardon
1642,nm2453858,Shayne Armstrong
1643,nm0443505,Clay Kaytis
1644,nm0734841,Adam Rodin
1645,nm1634601,Grant Morrison
1646,nm4120929,Sharon McGehee
1647,nm4183613,Lai-Yin Leung
1648,nm0862911,Greg Tiernan
1649,nm2098346,Adam Rockoff
1650,nm0842339,Doug Sweetland
1651,nm7814595,Ning Wen
1652,nm0936537,William Wisher
1653,nm5152314,Sam Dickson
1654,nm0240196,Michael Dudok de Wit
1655,nm2943514,Will Allen
1656,nm1490835,Joe Randazzo
1657,nm0139743,Jimmy Carr
1658,nm0945026,Boaz Yakin
1659,nm0011240,Neal Adams
1660,nm0466614,Yuriy Korotkov
1661,nm4048580,Tuomas Niskanen
1662,nm0357453,John Hamburg
1663,nm0963359,Jane Goldman
1664,nm0237236,Danny Draven
1665,nm4824763,Thea Sharrock
1666,nm0455481,Karen Kingsbury
1667,nm7827190,Bharat Manjule
1668,nm2186362,Jim Hecht
1669,nm3965483,Pete Schultz
1670,nm0143558,Warren Casey
1671,nm0001774,Ben Stiller
1672,nm0721817,Kevin Reynolds
1673,nm0994499,Greg Barker
1674,nm5028357,Emir Baigazin
1675,nm3741595,Sean Ryan
1676,nm8229080,Denise Hunter
1677,nm2865415,Shea Fontana
1678,nm4238622,Fatsah Bouyahmed
1679,nm2450848,Glenn Miller
1680,nm3277900,Ian Wittenber
1681,nm7216022,Austin Wright
1682,nm0857621,Louis Theroux
1683,nm1139297,Greg Stuhr
1684,nm3219172,Evgeny Kolyadintsev
1685,nm4951717,Katrin Benedikt
1686,nm1847867,Bijesh Jayarajan
1687,nm0247653,Kevin Eastman
1688,nm1184829,Ric Estrada
1689,nm0662505,Monica Parker
1690,nm2366522,Wen-Chia Chang
1691,nm0110778,Kevin Brodbin
1692,nm1062463,Vincent Kesteloot
1693,nm2741208,Jonathan Willis
1694,nm5730852,Tim Rutherford
1695,nm7955713,Jung-a Jo
1696,nm1039374,Nina G. Bargiel
1697,nm1130275,Nicholas McCarthy
1698,nm1868917,Alessandro Carloni
1699,nm0162013,Jerry Ciccoritti
1700,nm0130714,Daniel Calparsoro
1701,nm3083423,Rory Rooney
1702,nm0744032,Gregg Rossen
1703,nm2002824,Tracy Oliver
1704,nm2434433,Jana Savage
1705,nm0771054,Lone Scherfig
1706,nm2038422,Michael J. Gallagher
1707,nm1182611,Pearry Reginald Teo
1708,nm0334824,Rodrigo Grande
1709,nm0558953,Melissa Mathison
