,NameId,Name
0,nm0000041,Akira Kurosawa
1,nm0000095,Woody Allen
2,nm0000101,Dan Aykroyd
3,nm0000142,Clint Eastwood
4,nm0000144,Cary Elwes
5,nm0000149,Jodie Foster
6,nm0000165,Ron Howard
7,nm0000229,Steven Spielberg
8,nm0000231,Oliver Stone
9,nm0000241,Jean-Claude Van Damme
10,nm0000264,Pedro Almodóvar
11,nm0000278,Pernilla August
12,nm0000318,Tim Burton
13,nm0000386,Roland Emmerich
14,nm0000464,Jim Jarmusch
15,nm0000490,Spike Lee
16,nm0000500,Richard Linklater
17,nm0000580,Luke Perry
18,nm0000601,Harold Ramis
19,nm0000636,William Shakespeare
20,nm0000668,Emma Thompson
21,nm0000682,Paul Verhoeven
22,nm0000807,Jane Austen
23,nm0000881,Michael Bay
24,nm0000916,Peter Berg
25,nm0000948,Shane Black
26,nm0001094,Roald Dahl
27,nm0001241,Stephen Frears
28,nm0001281,Bobcat Goldthwait
29,nm0001302,Christopher Guest
30,nm0001317,Renny Harlin
31,nm0001348,Werner Herzog
32,nm0001515,Joseph Mazzello
33,nm0001639,Alex Proyas
34,nm0001741,Bryan Singer
35,nm0001744,Tom Sizemore
36,nm0001754,Todd Solondz
37,nm0001756,Barry Sonnenfeld
38,nm0001774,Ben Stiller
39,nm0001775,Whit Stillman
40,nm0002041,Dean Devlin
41,nm0002042,Charles Dickens
42,nm0002077,Dexter Fletcher
43,nm0002180,Francesca Archibugi
44,nm0002184,Vic Armstrong
45,nm0002413,David Jackson
46,nm0002433,Scott Smith
47,nm0002582,Christopher Rouse
48,nm0002645,Paolo Genovese
49,nm0002657,Gary Ross
50,nm0002700,Malcolm D. Lee
51,nm0002973,Lev L. Spiro
52,nm0003116,Anthony C. Ferrante
53,nm0003529,Dan Harris
54,nm0003620,Kevin Smith
55,nm0003941,David Winning
56,nm0003960,Zrinko Ogresta
57,nm0004056,Andrew Stanton
58,nm0004152,Roel Reiné
59,nm0004170,Bob Kane
60,nm0004214,Bey Logan
61,nm0004412,Ed Solomon
62,nm0005033,Sammo Kam-Bo Hung
63,nm0005061,Quincy Jones III
64,nm0005190,Garry Marshall
65,nm0005366,Jay Roach
66,nm0005541,Marlon Wayans
67,nm0006516,Chris Terrio
68,nm0006534,Phil Hay
69,nm0006737,Hark Bohm
70,nm0006856,José Luis López-Linares
71,nm0007044,Nicole Lucas Haimes
72,nm0007082,John Stockwell
73,nm0008743,Jonathan Aibel
74,nm0011240,Neal Adams
75,nm0011639,Lisa Addario
76,nm0011752,Maren Ade
77,nm0014960,Alexandre Aja
78,nm0015359,Fatih Akin
79,nm0020820,Matt Allen
80,nm0023315,Rick Alvarez
81,nm0024925,Hossein Amini
82,nm0027948,Roberto Andò
83,nm0029242,André Téchiné
84,nm0030417,Hideaki Anno
85,nm0032227,Josh Appelbaum
86,nm0036349,Andrea Arnold
87,nm0036776,Sheldon Arnst
88,nm0043742,David Ayer
89,nm0046524,Anthony Bagarozzi
90,nm0047259,Fenton Bailey
91,nm0050722,Matthew Ballen
92,nm0051972,Lance Bangs
93,nm0052442,Steve Bannon
94,nm0053190,Randy Barbato
95,nm0054659,Alan Barillaro
96,nm0054697,Ike Barinholtz
97,nm0055937,Kevin Barnett
98,nm0056187,Sacha Baron Cohen
99,nm0057842,Olivier Baroux
100,nm0059088,Amanda Barton
101,nm0060103,Ronald Bass
102,nm0063165,Peter Baynham
103,nm0065847,Michael Frost Beckner
104,nm0067457,Timur Bekmambetov
105,nm0068587,William Brent Bell
106,nm0073392,Karen Berger
107,nm0073850,Michael Berg
108,nm0074184,Glenn Berger
109,nm0075666,Joe Berlinger
110,nm0075696,Andrea Berloff
111,nm0075727,Barry Berman
112,nm0078943,Janeen Damian
113,nm0082366,Anna Biller
114,nm0082450,Paul Feig
115,nm0082526,Peter Billingsley
116,nm0083547,David Birke
117,nm0086912,Alain-Michel Blanc
118,nm0090386,James Bobin
119,nm0093051,Uwe Boll
120,nm0094726,Pascal Bonitzer
121,nm0096375,Sebastián Borensztein
122,nm0096637,Paul Borghese
123,nm0098400,Rick Bota
124,nm0098953,Rachid Bouchareb
125,nm0099521,Bouli Lanners
126,nm0099552,Tassos Boulmetis
127,nm0101302,Chris Bowman
128,nm0104312,Rustam Branaman
129,nm0109359,Steven Brill
130,nm0110778,Kevin Brodbin
131,nm0112357,John Broome
132,nm0114197,Mark Brown
133,nm0122334,Alan Burnett
134,nm0122427,Rob Burnett
135,nm0123379,Nanette Burstein
136,nm0124089,Andrew Bush
137,nm0126208,John Byrne
138,nm0130714,Daniel Calparsoro
139,nm0131064,Art Camacho
140,nm0133081,Gabriel Campisi
141,nm0134503,Saara Cantell
142,nm0135905,Ion Luca Caragiale
143,nm0137573,Lewis John Carlino
144,nm0138759,Marcos Carnevale
145,nm0138809,John Carney
146,nm0139591,Allan Carr
147,nm0139743,Jimmy Carr
148,nm0139867,Steve Carr
149,nm0140902,Lewis Carroll
150,nm0141853,Nick Carter
151,nm0142286,D.J. Caruso
152,nm0142636,Robert Cary
153,nm0143558,Warren Casey
154,nm0146991,Fred Cavayé
155,nm0150916,Hing-Ka Chan
156,nm0155528,Yarrow Cheney
157,nm0156213,Howard Chesley
158,nm0157787,Stephen Chin
159,nm0159507,Stephen Chow
160,nm0160840,Jon M. Chu
161,nm0160935,Daniel Chuba
162,nm0161834,Derek Cianfrance
163,nm0162013,Jerry Ciccoritti
164,nm0164851,Keith R. Clarke
165,nm0165995,Jericca Cleland
166,nm0169231,Barney Cohen
167,nm0169474,Jason Cohen
168,nm0169806,Taika Waititi
169,nm0170160,Gene Colan
170,nm0171381,Alex Coletti
171,nm0171651,Bill Collage
172,nm0171722,John Collee
173,nm0175305,Kevin Connolly
174,nm0175383,Alan Connor
175,nm0176689,Gerry Conway
176,nm0177018,Douglas Cook
177,nm0177637,Greg Coolidge
178,nm0177836,Adam Cooper
179,nm0180506,Sarah Cornwell
180,nm0181741,Don Coscarelli
181,nm0182499,Paolo Costella
182,nm0184302,Suzette Couture
183,nm0185976,Peter Craig
184,nm0188462,David Croft
185,nm0189144,David Cross
186,nm0190085,Barry Crump
187,nm0190988,Nicolas Cuche
188,nm0192463,Terry Cunningham
189,nm0193484,Ricardo Curtis
190,nm0193554,Vondie Curtis-Hall
191,nm0194274,Catherine Cyran
192,nm0198755,Michael Damian
193,nm0198810,Israel Sasha Demidov
194,nm0198938,Lamar Damon
195,nm0200403,Michelle Danner
196,nm0201061,Kieran Darcy-Smith
197,nm0202425,Ken Daurio
198,nm0203961,Russell T. Davies
199,nm0203993,Terence Davies
200,nm0205319,Sandra Berg
201,nm0206797,Olivier Dazat
202,nm0214518,Daniel Defoe
203,nm0218204,J.M. DeMatteis
204,nm0218318,William DeMeo
205,nm0218621,James DeMonaco
206,nm0219971,Sunny Deol
207,nm0223804,Alan DiFiore
208,nm0227625,Sheng Ding
209,nm0227704,Paul Dini
210,nm0228262,Mark DiSalle
211,nm0228542,Christian Ditter
212,nm0229026,Jasmin Dizdar
213,nm0229172,Philippe Djian
214,nm0229800,Neal H. Dobrofsky
215,nm0229801,Tippi Dobrofsky
216,nm0230666,Walt Dohrn
217,nm0230669,Davis Doi
218,nm0230859,Xavier Dolan
219,nm0231596,Andrew Dominik
220,nm0236546,William Dozier
221,nm0236854,Arnold Drake
222,nm0237236,Danny Draven
223,nm0238893,Du Lu Wang
224,nm0239725,Olivier Ducastel
225,nm0240196,Michael Dudok de Wit
226,nm0241622,Bruno Dumont
227,nm0242658,Kevin Dunn
228,nm0242903,Robin Dunne
229,nm0243233,Mark Duplass
230,nm0244058,Brook Durham
231,nm0245112,Clea DuVall
232,nm0246903,Doris Dörrie
233,nm0247653,Kevin Eastman
234,nm0254660,Tony Elliott
235,nm0261432,Mark Esslinger
236,nm0265422,Kevin Fair
237,nm0266045,Adriana Falcão
238,nm0266255,Jun Falkenstein
239,nm0266622,Rick Famuyiwa
240,nm0269463,Jon Favreau
241,nm0269899,Neill Fearnley
242,nm0271017,David Feldman
243,nm0273863,Pascale Ferran
244,nm0274905,Michael Ferris
245,nm0275418,Jeff Feuerzeig
246,nm0275629,Glenn Ficarra
247,nm0276039,S.S. Field
248,nm0276144,Helen Fielding
249,nm0277730,Bill Finger
250,nm0277813,Hugh Fink
251,nm0281956,Brendan Fletcher
252,nm0282064,Mandie Fletcher
253,nm0284774,Anne Fontaine
254,nm0290556,James Franco
255,nm0293611,Todd E. Freeman
256,nm0294440,Judy Freudberg
257,nm0294522,Anthony Frewin
258,nm0295216,Gabriel Friedman
259,nm0297946,Hiroshi Fukazawa
260,nm0298807,Antoine Fuqua
261,nm0299301,John Fusco
262,nm0302778,Joel Gallen
263,nm0303503,Luís Galvão Teles
264,nm0304541,Dennis Gansel
265,nm0304830,Robert Ben Garant
266,nm0305017,Liz Garbus
267,nm0309979,Massimo Gaudioso
268,nm0310168,Nils Gaup
269,nm0310329,Yvan Gauthier
270,nm0311435,Curt Geda
271,nm0312076,Tony Geiss
272,nm0313623,Terry George
273,nm0315041,Ricky Gervais
274,nm0316447,Andrea Gibb
275,nm0316795,Alex Gibney
276,nm0318916,Craig Gillespie
277,nm0320910,Jill Girling
278,nm0324713,Michael Goguen
279,nm0326040,Akiva Goldsman
280,nm0326211,Gary Goldstein
281,nm0329715,Adoor Gopalakrishnan
282,nm0331868,Igor Gotesman
283,nm0332287,José Pedro Goulart
284,nm0332950,Ashutosh Gowariker
285,nm0333060,David S. Goyer
286,nm0334381,Seth Grahame-Smith
287,nm0334787,Michael Grandage
288,nm0334824,Rodrigo Grande
289,nm0335666,Susannah Grant
290,nm0335980,Puk Grasten
291,nm0337773,David Gordon Green
292,nm0337833,Eugène Green
293,nm0339030,Paul Greengrass
294,nm0339040,Jon Greenhalgh
295,nm0341297,Marsha F. Griffin
296,nm0341722,Megan Griffiths
297,nm0342278,Jacob Grimm
298,nm0342303,Wilhelm Grimm
299,nm0345615,Christian Gudegast
300,nm0346277,Jorge Guerricaechevarría
301,nm0346841,Martin Guigui
302,nm0354091,Andrew Haigh
303,nm0357453,John Hamburg
304,nm0361135,Mia Hansen-Løve
305,nm0362544,Gary Hardwick
306,nm0364307,Laura Harrington
307,nm0364780,Ian Harris
308,nm0364963,Kirk Harris
309,nm0365390,Timothy Harris
310,nm0366935,David Hartman
311,nm0366989,Leonard Hartman
312,nm0367230,Everette Hartsoe
313,nm0367524,Gary Harvey
314,nm0368074,Shinobu Hashimoto
315,nm0369675,Chris Hauty
316,nm0370928,Carey W. Hayes
317,nm0370937,Chad Hayes
318,nm0372138,James Head
319,nm0373698,Chris Hegedus
320,nm0375876,Conrad Helten
321,nm0381478,Jared Hess
322,nm0381757,Olivia Hetreed
323,nm0383273,David Higby
324,nm0383688,Shinji Higuchi
325,nm0384825,John Hillcoat
326,nm0385726,Tom Hines
327,nm0387890,Jonathan Hock
328,nm0394280,Stephen Hopkins
329,nm0397174,Byron Howard
330,nm0398986,George Huang
331,nm0399520,Emily Hubley
332,nm0399853,Hugh Hudson
333,nm0401195,Koan Hui
334,nm0402493,Jeffrey G. Hunt
335,nm0403629,Michael Hurst
336,nm0405551,Klaus Händl
337,nm0408639,Carmine Infantino
338,nm0409036,Terry Ingram
339,nm0412517,Shunji Iwai
340,nm0414448,Jim Jacobs
341,nm0416853,Ray James
342,nm0419865,Mark Jean
343,nm0422552,Prakash Jha
344,nm0423333,Phil Joanou
345,nm0423524,Alejandro Jodorowsky
346,nm0424041,Peter Johansson
347,nm0424315,Geoff Johns
348,nm0424901,David Leslie Johnson-McGoldrick
349,nm0426785,Michelle Johnston
350,nm0427037,Antti Jokinen
351,nm0428600,Kirk Jones
352,nm0437314,Gil Kane
353,nm0438461,Abhishek Kapoor
354,nm0440604,Anurag Kashyap
355,nm0441078,Géza Kaszás
356,nm0441839,Ross Katz
357,nm0442207,Lloyd Kaufman
358,nm0442287,William Kaufman
359,nm0443024,Dan Kay
360,nm0443505,Clay Kaytis
361,nm0443582,Nicholas Kazan
362,nm0449431,András Kern
363,nm0453115,Taran Killam
364,nm0455481,Karen Kingsbury
365,nm0456017,Rudyard Kipling
366,nm0456158,Jack Kirby
367,nm0456239,Robert Kirbyson
368,nm0456509,Lee Kirk
369,nm0462525,Anya Kochoff
370,nm0462895,David Koepp
371,nm0463359,Abby Kohn
372,nm0463714,Kenneth Kokin
373,nm0464126,Nina Laurio
374,nm0464548,Todd Komarnicki
375,nm0465033,Ivy Kong
376,nm0465484,Chuck Konzelman
377,nm0466153,Hirokazu Koreeda
378,nm0466614,Yuriy Korotkov
379,nm0467942,Jim Kouf
380,nm0468995,Damjan Kozole
381,nm0470514,Nicolette Krebitz
382,nm0473896,Fred T. Kuehnert
383,nm0477622,Maren Louise Käehne
384,nm0479507,Jacques Labib
385,nm0481990,Peter Laird
386,nm0483766,Jake LaMotta
387,nm0484907,Christopher Landon
388,nm0490640,William Lau
389,nm0490736,Sébastien Laudenbach
390,nm0491708,Eric Lavaine
391,nm0491956,Paul Laverty
392,nm0493225,Guy Lawson
393,nm0493257,Josh Lawson
394,nm0494170,John le Carré
395,nm0495536,Nikolay Lebedev
396,nm0497231,Erica Li
397,nm0497398,Ho-jae Lee
398,nm0497565,John H. Lee
399,nm0498278,Stan Lee
400,nm0504327,Elana Lesser
401,nm0504642,Louis Leterrier
402,nm0505736,Thunder Levin
403,nm0508052,Crash Leyland
404,nm0510907,Joe Turner Lin
405,nm0510912,Justin Lin
406,nm0515005,Sam Liu
407,nm0516360,Ken Loach
408,nm0517589,John Logan
409,nm0517768,Dimitri Logothetis
410,nm0518070,Kim-Ching Luk
411,nm0519154,Rachel Long
412,nm0520569,Olivier Lorelle
413,nm0524190,Jon Lucas
414,nm0524924,Robert Ludlum
415,nm0527095,Gwyn Lurie
416,nm0528173,Tiina Lymi
417,nm0528244,Brian Lynch
418,nm0533145,David Mackay
419,nm0533284,David Mackenzie
420,nm0533691,Angus MacLane
421,nm0534856,Madhavan
422,nm0534879,Ram Madhvani
423,nm0536632,Sharon Maguire
424,nm0542062,Matt Manfredi
425,nm0542498,Mahesh Manjrekar
426,nm0542752,Farhad Mann
427,nm0543283,Harold Manning
428,nm0545382,Gilles Marchand
429,nm0546078,Bradley Marcus
430,nm0549393,Malcolm Marmorstein
431,nm0550938,Jamie Marshall
432,nm0551358,Joshua Marston
433,nm0551376,William Moulton Marston
434,nm0552842,Nicholas Martin
435,nm0553303,Jacques Martineau
436,nm0553942,Steve Martino
437,nm0556573,Adam Mason
438,nm0558873,Nic Mathieu
439,nm0558953,Melissa Mathison
440,nm0559105,Mate Matisic
441,nm0562775,Mimi Maynard
442,nm0562830,Philippe Maynial
443,nm0563243,Dan Mazer
444,nm0563301,Craig Mazin
445,nm0564260,Don McBrearty
446,nm0565250,Melissa McCarthy
447,nm0566100,Hamish McColl
448,nm0567620,John Michael McDonagh
449,nm0569790,Douglas McGrath
450,nm0572562,Greg McLean
451,nm0573185,Susan McMartin
452,nm0573732,Sean McNamara
453,nm0579079,Mike Mendez
454,nm0580669,James Merendino
455,nm0584770,Simon Michaël
456,nm0589316,Seton I. Miller
457,nm0589505,Wentworth Miller
458,nm0593610,Mike Mitchell
459,nm0593618,Monika Mitchell
460,nm0596407,Hans Petter Moland
461,nm0596962,Dominik Moll
462,nm0598531,Mark Monroe
463,nm0599472,Rafael Montero
464,nm0600872,Alan Moore
465,nm0601382,John Moore
466,nm0601781,Rich Moore
467,nm0601859,Scott Moore
468,nm0608999,Jesse Moss
469,nm0612816,Cristian Mungiu
470,nm0613084,Alice Munro
471,nm0616880,Toni Myers
472,nm0617407,Aleksi Mäkelä
473,nm0619762,Mira Nair
474,nm0619836,Babak Najafi
475,nm0622973,Morgan Navarro
476,nm0623604,Dylan Neal
477,nm0624157,Andrew Neel
478,nm0624963,Andrey Nekrasov
479,nm0625858,André Nemec
480,nm0628873,Jimmy Ngai
481,nm0630497,Guy Nicolucci
482,nm0632382,Adam Nimoy
483,nm0637492,Betsy Giffen Nowrasteh
484,nm0637493,Cyrus Nowrasteh
485,nm0638115,Gennaro Nunziante
486,nm0639376,Billy O'Brien
487,nm0640334,Gavin O'Connor
488,nm0644823,Hideo Oguni
489,nm0645240,Miikko Oikkonen
490,nm0646515,Jay Oliva
491,nm0646987,Ron Oliver
492,nm0647695,Jussi Adler-Olsen
493,nm0649460,Roberto Orci
494,nm0652663,Patton Oswalt
495,nm0652801,Cristina Otero
496,nm0655120,Daniel Pace
497,nm0661549,Domonic Paris
498,nm0661791,Chan-wook Park
499,nm0662505,Monica Parker
500,nm0662529,Oliver Parker
501,nm0664760,Angelo Pasquini
502,nm0666248,James Patterson
503,nm0666791,Cinco Paul
504,nm0666806,Don Michael Paul
505,nm0667330,Tiffany Paulsen
506,nm0669132,Randy Pearlstein
507,nm0670408,Simon Pegg
508,nm0672060,D.A. Pennebaker
509,nm0673927,Dwayne Perkins
510,nm0674071,Ted Perkins
511,nm0675126,Jimmy Perry
512,nm0676032,Pekko Pesonen
513,nm0677037,Bob Peterson
514,nm0677321,Nicholas Peterson
515,nm0680846,Todd Phillips
516,nm0682063,Jim Piddock
517,nm0684374,Jeff Pinkner
518,nm0686742,Pasquale Plastino
519,nm0689185,Mark Polish
520,nm0689187,Michael Polish
521,nm0689245,Ryan Polito
522,nm0692634,Brian Posehn
523,nm0692708,Ari Posner
524,nm0697014,Lonny Price
525,nm0701396,Olivier Py
526,nm0701445,Shaun Pye
527,nm0710420,Arthur Ransome
528,nm0712330,Rolando Ravello
529,nm0714114,Jim Reardon
530,nm0716347,Nicolas Winding Refn
531,nm0716980,Kelly Reichardt
532,nm0717550,Ethan Reiff
533,nm0717678,Fergal Reilly
534,nm0718645,Ivan Reitman
535,nm0719208,Chris Renaud
536,nm0720135,John Requa
537,nm0721817,Kevin Reynolds
538,nm0722300,Susan Rhinehart
539,nm0723351,Anne Rice
540,nm0724938,Jean-François Richet
541,nm0725983,John Ridley
542,nm0726638,Patricia Riggen
543,nm0731930,Lanie Robertson
544,nm0734472,Gene Roddenberry
545,nm0734841,Adam Rodin
546,nm0736622,Seth Rogen
547,nm0737517,Mike Rohl
548,nm0741507,Kate Rose
549,nm0742941,Gianfranco Rosi
550,nm0743279,Brian L. Ross
551,nm0743671,Matt Ross
552,nm0744032,Gregg Rossen
553,nm0744834,Eli Roth
554,nm0744980,Philip Roth
555,nm0746573,Michael Rowe
556,nm0748429,Cliff Ruby
557,nm0750000,Mogens Rukov
558,nm0751080,Chuck Russell
559,nm0751577,Anthony Russo
560,nm0751648,Joe Russo
561,nm0755158,Ira Sachs
562,nm0755966,Joey Sagal
563,nm0756983,Hironobu Sakaguchi
564,nm0757217,Doug Sakmann
565,nm0758010,Murray Salem
566,nm0759536,David Salzberg
567,nm0766153,Drake Sather
568,nm0766837,Jennifer Saunders
569,nm0768139,Brian Sawyer
570,nm0770005,James Schamus
571,nm0770848,Jeffrey Schenck
572,nm0770938,Robert Schenkkan
573,nm0771054,Lone Scherfig
574,nm0773884,John Schneider
575,nm0776271,John Schultz
576,nm0777305,Julius Schwartz
577,nm0777521,Robert Schwartzman
578,nm0777881,Robert Schwentke
579,nm0778343,Thorsten Schütte
580,nm0779524,Luke Scott
581,nm0780825,Carl Seaton
582,nm0780980,Frank Sebastiano
583,nm0781683,Sirivennela Seetharama Sastry
584,nm0783913,Lorenzo Semple Jr.
585,nm0784008,Ivan Sen
586,nm0785515,David Serrano
587,nm0789366,Jessica Sharzer
588,nm0791556,Jon Shenk
589,nm0792263,Taylor Sheridan
590,nm0792494,Julie Sherman Wolfe
591,nm0793840,Akiyuki Shinbo
592,nm0795975,Joe Shuster
593,nm0796950,Jerry Siegel
594,nm0798788,Scott Silver
595,nm0799050,Marc Silverstein
596,nm0799562,David Simkins
597,nm0800209,Joe Simon
598,nm0801220,Stuart Simpson
599,nm0806002,Paul Sloan
600,nm0811583,Zack Snyder
601,nm0813289,Aubrey Solomon
602,nm0813301,Cary Solomon
603,nm0817023,Nicholas Sparks
604,nm0818746,Evan Spiliotopoulos
605,nm0819225,Emily Spivey
606,nm0821179,Hanala Sagal
607,nm0821466,Jerry Stahl
608,nm0823721,Ben Stassen
609,nm0824882,Burr Steers
610,nm0825738,David H. Steinberg
611,nm0825748,Elyse Steinberg
612,nm0828945,Guy Stevenson
613,nm0829820,Scott Stewart
614,nm0830419,R.L. Stine
615,nm0831557,Nicholas Stoller
616,nm0832369,Lynne Stopkewich
617,nm0835194,Victoria Strouse
618,nm0838289,Peter Sullivan
619,nm0841291,Ognjen Svilicic
620,nm0841532,Gerry Swallow
621,nm0841772,Christine Swanson
622,nm0842339,Doug Sweetland
623,nm0842523,Robin Swicord
624,nm0843467,Joe Syracuse
625,nm0845464,Hjalmar Söderberg
626,nm0846070,Kristoffer Tabori
627,nm0848414,Lee Tamahori
628,nm0848496,Paul Tamasy
629,nm0850307,Juan Taratuto
630,nm0852948,Nate Taylor
631,nm0853238,Tate Taylor
632,nm0854185,Miguel Tejada-Flores
633,nm0855040,David Tennant
634,nm0857620,Justin Theroux
635,nm0857621,Louis Theroux
636,nm0862211,Mike Thurmeier
637,nm0862911,Greg Tiernan
638,nm0863622,Bruce Timm
639,nm0864775,Johnnie To
640,nm0866038,Jonathan Tolins
641,nm0867210,Kelvin Tong
642,nm0868153,Giuseppe Tornatore
643,nm0870469,Dan Trachtenberg
644,nm0872542,Christine Triano
645,nm0874683,Kan-Cheung Tsang
646,nm0875710,Liz Tuccillo
647,nm0878756,Tom Tykwer
648,nm0886976,Felix van Groeningen
649,nm0887153,Doesjka van Hoogdalem
650,nm0888743,James Vanderbilt
651,nm0889522,Nia Vardalos
652,nm0893872,Carlo Verdone
653,nm0894207,Simon Verhoeven
654,nm0897065,Grégoire Vigneron
655,nm0899121,Thomas Vinterberg
656,nm0899460,Leena Virtanen
657,nm0899501,Paolo Virzì
658,nm0900140,Jon Vitti
659,nm0903456,Cyrus Voris
660,nm0904624,Miklós Vámos
661,nm0908024,Matthew Walker
662,nm0908753,Lew Wallace
663,nm0909568,Bradley Walsh
664,nm0911933,Zack Ward
665,nm0918083,Len Wein
666,nm0918339,Herschel Weingrod
667,nm0918711,David Weisberg
668,nm0919115,Michael D. Weiss
669,nm0921013,Richard Wenk
670,nm0923980,William Wheeler
671,nm0924896,J.B. White
672,nm0925220,Michael Jai White
673,nm0925482,Stiles White
674,nm0926075,Sean Whitley
675,nm0927382,Christopher Wiehl
676,nm0931426,Pat Williams
677,nm0931937,William Carlos Williams
678,nm0932104,Martha Williamson
679,nm0933128,Caleb Wilson
680,nm0933379,Erin Cressida Wilson
681,nm0936537,William Wisher
682,nm0937306,Bille Woodruff
683,nm0938379,Marv Wolfman
684,nm0940125,Bronte Woodard
685,nm0941314,Linda Woolverton
686,nm0945026,Boaz Yakin
687,nm0945282,Yôji Yamada
688,nm0945958,Bunis Yang
689,nm0946875,Herman Yau
690,nm0946883,Nai-Hoi Yau
691,nm0948159,Wilson Yip
692,nm0949558,Gary Young
693,nm0950759,Woo-Ping Yuen
694,nm0950775,Jennifer Yuh Nelson
695,nm0951592,Mauricio Zacharias
696,nm0953511,Travis Zariwny
697,nm0957169,Daniel Zirilli
698,nm0957772,Rob Zombie
699,nm0963359,Jane Goldman
700,nm0970447,Conrad Vernon
701,nm0989941,Shintaro Shimosawa
702,nm0992289,Russell Peters
703,nm0994499,Greg Barker
704,nm0997990,Thomas Edward Seymour
705,nm0999118,Michael Sinterniklaas
706,nm1000858,Lori Forte
707,nm1002012,Rich Tabach
708,nm1002424,Michael Dougherty
709,nm1006256,Jennifer Barrow
710,nm1010896,Bonni Cohen
711,nm1014201,Rhett Reese
712,nm1015063,Jay Karas
713,nm1016687,Laurent Tirard
714,nm1018791,George Reinblatt
715,nm1024677,John Krasinski
716,nm1026778,Brad Furman
717,nm1029961,Chad Hartigan
718,nm1030706,Jae-young Kwak
719,nm1031639,Cedric Nicolas-Troyan
720,nm1031708,Mikkel Nørgaard
721,nm1032743,Bryan Sipe
722,nm1032754,Chris Sivertson
723,nm1033517,Ariel Vromen
724,nm1033667,Michael Winnick
725,nm1038805,Clark Cheng
726,nm1039374,Nina G. Bargiel
727,nm1044809,A. Scott Berg
728,nm10475918,Joyzel Acevedo
729,nm1047603,Jerry Robinson
730,nm1048560,Marcus Raboy
731,nm1051839,Andy Lieberman
732,nm1053530,Tom Ford
733,nm1054899,Sophie Goodhart
734,nm10603426,Enming Zhang
735,nm1061091,Josh Campbell
736,nm1061418,Micah Wright
737,nm1061622,Robert Carlock
738,nm1062463,Vincent Kesteloot
739,nm1062565,Jay Longino
740,nm1063158,Cheng'en Wu
741,nm1064048,Nikolaj Arcel
742,nm1065547,Witi Ihimaera
743,nm1066073,Sheldon Moldoff
744,nm1066482,Vinay Sapru
745,nm10667011,Florence Goupil
746,nm1068198,Josh Fox
747,nm1071898,Dylan Kidd
748,nm1074879,Kellie D. Lewis
749,nm1079776,George Nolfi
750,nm1081550,Te Arepa Kahi
751,nm1083489,Kevin Munroe
752,nm1083610,Jay Lender
753,nm1090998,Cristi Puiu
754,nm1092072,Jarrett Grode
755,nm10929689,Rob Warren Thomas
756,nm1093039,Mike Flanagan
757,nm1095804,Peter Chiarelli
758,nm1097510,Anthony Jaswinski
759,nm1098479,Justin Marks
760,nm1098493,Rawson Marshall Thurber
761,nm1100075,Shaktimaan Talwar
762,nm1100123,Joe Shrapnel
763,nm1100217,Richie Smyth
764,nm1101216,Monique Zavistovski
765,nm1101630,Dave Eggers
766,nm1103162,Tim Story
767,nm1106214,Erica Rivinoja
768,nm1107652,Ryan Schwartz
769,nm1108007,David Lowery
770,nm1110912,Soi Cheang
771,nm1111124,Tony Tulipano
772,nm1113379,Ben Bachar
773,nm1116660,Paul Wernick
774,nm1119091,Vernon E. Mortensen
775,nm1122940,Benjamin Morgaine
776,nm1123994,James A. Woods
777,nm11243749,Xerxes Pordely
778,nm1125328,Carter Blanchard
779,nm1130190,Fernando Lebrija
780,nm1130275,Nicholas McCarthy
781,nm1130496,Alysia Reiner
782,nm1131306,Jason Faller
783,nm1131680,James Tucker
784,nm1132203,Lionel Dutemple
785,nm1132447,Julien Hervé
786,nm1133719,Steve Mallory
787,nm1135423,Darren Lynn Bousman
788,nm1136420,Sarah Tiana
789,nm1136647,Doug Jung
790,nm1139297,Greg Stuhr
791,nm1142065,Samantha Mazeras
792,nm1142073,Colm McCarthy
793,nm1147759,Mike W. Barr
794,nm1148550,Ava DuVernay
795,nm1154886,Galen T. Chu
796,nm1156199,Alex Ranarivelo
797,nm1157527,Andrew Jay Cohen
798,nm1158544,Jared Bush
799,nm1158657,Carlos Clavijo Cobos
800,nm1160962,Henry Joost
801,nm1164552,Florian David Fitz
802,nm1164921,Torstein Grude
803,nm1167049,Fábio Porchat
804,nm1167412,Aleksi Salmenperä
805,nm1169495,Daniel Tosh
806,nm1170333,Kacey Arnold
807,nm1173295,Matthew Stuecken
808,nm1179457,Milap Zaveri
809,nm1181258,Zoé Galeron
810,nm1182415,Mike Sekowsky
811,nm1182611,Pearry Reginald Teo
812,nm1183376,Mia Kate Russell
813,nm1184829,Ric Estrada
814,nm1189346,Gardner Fox
815,nm1189755,Jonathan Jakubowicz
816,nm1189825,Robert Kanigher
817,nm1190816,Dylan Reeve
818,nm1193346,Sean Ellis
819,nm1198528,Doug Moench
820,nm1199351,Marc Haimes
821,nm1202430,Devin Dehaven
822,nm1208603,Kyle Pennekamp
823,nm1210118,Ho Leung Lau
824,nm1210422,Wai Lun Ng
825,nm1212903,Benedek Fliegauf
826,nm1217916,Julian Sheppard
827,nm1220140,James Watkins
828,nm1222421,Trevor Wall
829,nm1225956,Jeremy Konner
830,nm1226290,Sung-su Kim
831,nm1227484,Kasra Farahani
832,nm1229520,Ben Falcone
833,nm1229861,Paige Cameron
834,nm1231757,Noah Buschel
835,nm1233089,Itzik Kricheli
836,nm1235154,Deon Cole
837,nm1240647,Nicolás López
838,nm1242454,Amitabh Verma
839,nm1244069,Kenya Barris
840,nm1249411,Xiaolu Xue
841,nm1252328,Tatiana Maciel
842,nm1253546,Syllas Tzoumerkas
843,nm1253633,Kristijonas Vildziunas
844,nm1256143,David Kerr
845,nm1257352,Julia Hart
846,nm1258535,Pablo Solarz
847,nm1258797,Sarah Waters
848,nm1259714,Denny O'Neil
849,nm1259998,Mike Carey
850,nm1264352,Susanna White
851,nm1266897,Johannes Roberts
852,nm1274464,Ville Jankeri
853,nm1284464,Warren P. Sonoda
854,nm1286935,Mariano Cohn
855,nm1287124,Gastón Duprat
856,nm1288396,Danny Roew
857,nm1288961,Nicolas Wright
858,nm1289517,Kara Holden
859,nm1291105,J.A. Bayona
860,nm1300759,Man Hong Lung
861,nm1300956,Sanjay Masoomm
862,nm1303925,George Pérez
863,nm1306819,Shannon Tindle
864,nm1318193,Man-Hee Lee
865,nm1319586,Al Milgrom
866,nm1321655,Christopher Markus
867,nm1321656,Stephen McFeely
868,nm1322477,Abhishek Chaubey
869,nm1323078,Emiko Hiramatsu
870,nm1323584,Mads Matthiesen
871,nm1324710,Martin Zandvliet
872,nm1324960,S.P. Krause
873,nm1325899,Travis Knight
874,nm1329166,Raja Menon
875,nm1330994,Suresh Nair
876,nm1334526,Simon Kinberg
877,nm1335664,Peter Schweizer
878,nm1335875,Sukumar
879,nm1336595,Demetri Martin
880,nm1337885,Jeff Baena
881,nm1339400,Philippa Lowthorpe
882,nm1340000,Juliet Snowden
883,nm1344786,Kynan Griffin
884,nm1346713,Paco León
885,nm1351557,Molly Prather
886,nm1354901,Leigh Dunlap
887,nm1357906,Josh Bishop
888,nm1358020,Joshua Krause
889,nm1365912,David Giuntoli
890,nm1369754,Bob Brown
891,nm1376062,Hubbel Palmer
892,nm1383079,Todd Kessler
893,nm1383080,Nigel Levy
894,nm1384462,Zach Clark
895,nm1385080,Chi Keung Fung
896,nm1390437,Gary Lundgren
897,nm1393214,Brandon Broussard
898,nm1395100,Tuukka Temonen
899,nm1396121,Makoto Shinkai
900,nm1399170,Mushtaq Sheikh
901,nm1401416,Dana Fox
902,nm1404105,Matti Halonen
903,nm1411972,Alex Lehmann
904,nm1413364,Ariel Schulman
905,nm1414749,Chris Wyatt
906,nm1417099,Paul Stodolny
907,nm1417392,Adam Wingard
908,nm1429471,Jaume Collet-Serra
909,nm1429512,Jason Smilovic
910,nm1430396,Danny Kolker
911,nm1432013,Lori Mather-Welch
912,nm1433493,Sami Sänpäkkilä
913,nm1435939,Cris Jones
914,nm1436477,Nuno Markl
915,nm1438683,Alejandro Ocon
916,nm1439346,John Lyde
917,nm1439465,Ernie Colon
918,nm1439645,Graham Nolan
919,nm1440023,Simon Barrett
920,nm1442873,Mika Taanila
921,nm1443502,Jordan Peele
922,nm1444412,Osmany Rodriguez
923,nm1454108,Colin Cairnes
924,nm1461281,Melodie Sisk
925,nm1461945,Kevin Burke
926,nm1464314,Sudha Kongara
927,nm1467010,Dan Brown
928,nm1470084,Amy Fox
929,nm1475479,Jim Strouse
930,nm1480916,Bora Dagtekin
931,nm1481959,Takeshi Nozue
932,nm1482634,Kraig Wenman
933,nm1489979,Aidee Walker
934,nm1490123,James Wan
935,nm1490835,Joe Randazzo
936,nm1492515,Eli B. Despres
937,nm1493594,Maile Meloy
938,nm1496686,Trey Nelson
939,nm1504572,Bob Nelson
940,nm1510062,Mikey Day
941,nm1510517,Matthew Hamachek
942,nm1513241,Jay Bauman
943,nm1517540,Rich Evans
944,nm1518150,Mike Stoklasa
945,nm1520912,Robert Mearns
946,nm1532779,Naman Ramachandran
947,nm1534595,Peter Atencio
948,nm1537777,Hudson Obayuwana
949,nm1540404,Max Minghella
950,nm1541136,Alex Rudzinski
951,nm1548930,Paul Duddridge
952,nm1552637,Dennis Widmyer
953,nm1554601,Ezra Edelman
954,nm1556116,Kevin Kölsch
955,nm1556126,Scott Milam
956,nm1556962,Cameron Fay
957,nm1557894,P.G. Morgan
958,nm1564890,Matt Villines
959,nm1568755,Brian Azzarello
960,nm1570426,Chuck Dixon
961,nm1571761,Sian Heder
962,nm1572769,Andy Kubert
963,nm1579902,Sharon Kleinberg
964,nm1592437,José Alba
965,nm1601644,Jennifer Lee
966,nm1601882,Phil Johnston
967,nm1616666,Brett Granstaff
968,nm1618225,Peter A. Dowling
969,nm1622388,Kevin Schini
970,nm1625338,Dinesh D'Souza
971,nm1634307,Kieran Fitzgerald
972,nm1634601,Grant Morrison
973,nm1637785,Liza Johnson
974,nm1637876,Cameron Cairnes
975,nm1639277,Michael Tiddes
976,nm1641306,Taneli Mustonen
977,nm1642224,Sidney Karger
978,nm1662707,Thomas Lilti
979,nm1662741,Daniel Altiere
980,nm1662742,Steven Altiere
981,nm1662918,Tripp Rhame
982,nm1665932,Kiké Maíllo
983,nm1666855,Raúl Arévalo
984,nm1668171,Laurent Turner
985,nm1672246,Jorma Taccone
986,nm1676221,Andy Samberg
987,nm1676223,Akiva Schaffer
988,nm1676649,Nate Parker
989,nm1680384,D. Glase Lomond
990,nm1694619,John Ostrander
991,nm1695278,Vicente Villanueva
992,nm1697290,Charles Barker
993,nm1698571,Evan Goldberg
994,nm1699804,Baris Erdogan
995,nm1701420,Nicole DeMasi
996,nm1702396,Josh Comers
997,nm1703633,Justin Pemberton
998,nm1706767,Jonah Hill
999,nm1714788,Jared Cohn
1000,nm1720703,Chad Law
1001,nm1723225,Nishikant Kamat
1002,nm1726691,Adam Randall
1003,nm1729303,Marcus Dunstan
1004,nm1733317,Patrick Melton
1005,nm1738082,Dani de la Orden
1006,nm1740683,Daniel Fleuette
1007,nm1746309,Mark Chappell
1008,nm1746572,Stephen Kemp
1009,nm1747747,Ravn Lanesskog
1010,nm1749125,Diego San José
1011,nm1754478,Padraig Reynolds
1012,nm1757777,Dave Green
1013,nm1758406,Glenn Montgomery
1014,nm1761722,Enrique Begné
1015,nm1763659,Kevin Marcus
1016,nm1767754,Katie Dippold
1017,nm1768304,Gee Malik Linton
1018,nm1777773,Nicole Jefferson Asher
1019,nm1780037,Céline Sciamma
1020,nm1783265,Tim Miller
1021,nm1789315,Jenna Ricker
1022,nm1793079,Fede Alvarez
1023,nm1797032,Scotty Mullen
1024,nm1802093,Brian DeCubellis
1025,nm1802449,Rajat Arora
1026,nm1804614,Ali Abbas Zafar
1027,nm1805418,Supratik Sen
1028,nm1811127,Joel Potrykus
1029,nm1812944,Jim Jefferies
1030,nm1815157,Antti Pesonen
1031,nm1818121,Nacho G. Velilla
1032,nm1823243,Reinert Kiil
1033,nm1826454,Seong-hun Kim
1034,nm1834338,Sagar Pandya
1035,nm1834891,Maneesh Sharma
1036,nm1840195,Koldo Serra
1037,nm1840921,Radhika Rao
1038,nm1847867,Bijesh Jayarajan
1039,nm1848130,Aleksi Hyvärinen
1040,nm1868849,Seth W. Owen
1041,nm1868917,Alessandro Carloni
1042,nm1880561,Harold Cronk
1043,nm1883257,Pablo Larraín
1044,nm1885371,Tim Crothers
1045,nm1895993,Brendan O'Brien
1046,nm1896429,Johanna Hartikainen
1047,nm1897448,Daniel Marc Dreifuss
1048,nm1898082,Edward Evers-Swindell
1049,nm1898126,Mike Birbiglia
1050,nm1899220,Simon Boyes
1051,nm1899656,Patryk Vega
1052,nm1908787,Mikko Myllylahti
1053,nm1909937,Philip Shelby
1054,nm1912600,Tony Mosher
1055,nm1914394,Timothy Woodward Jr.
1056,nm1921345,Steven C. Miller
1057,nm1928581,Baya Kasmi
1058,nm1930956,Robert Cannan
1059,nm1937760,Ritesh Shah
1060,nm1938064,Deon Taylor
1061,nm1941029,Seo-kyeong Jeong
1062,nm1942836,Martin Durkin
1063,nm1943168,Clay Tweel
1064,nm1943791,Rafael Cobos
1065,nm1948885,Matt Sazama
1066,nm1950575,Brad Land
1067,nm1954504,Kyle Mann
1068,nm1956691,Jamie Linden
1069,nm1957706,Claude Barras
1070,nm1962933,Cire Hensman
1071,nm1963352,Matthew Hensman
1072,nm1964923,Habib Faisal
1073,nm1966532,Martin Owen
1074,nm1970598,Kirill Serebrennikov
1075,nm1973681,Richard Tanne
1076,nm1975882,Scott Turpel
1077,nm1979166,Yasmina Khadra
1078,nm1985424,Jarrett Lee Conaway
1079,nm1988881,Tomas Portella
1080,nm1990335,Mohana Krishna Indraganti
1081,nm1992193,Denis Côté
1082,nm1996138,Manuela Burló Moreno
1083,nm1996352,Matthew Michael Carnahan
1084,nm2002824,Tracy Oliver
1085,nm2016161,Sanyuktha Chawla Shaikh
1086,nm2021453,Jeremy Benson
1087,nm2021516,Jake Szymanski
1088,nm2021909,Toby Halbrooks
1089,nm2021934,Christian Tureaud
1090,nm2024927,Alan Ritchson
1091,nm2027904,Scott Crowell
1092,nm2031243,Ace Jordan
1093,nm2033094,Ernest Riera
1094,nm2034711,Will Slocombe
1095,nm2035069,Simon Kelton
1096,nm2035118,Babak Anvari
1097,nm2038422,Michael J. Gallagher
1098,nm2039903,Mikko Pöllä
1099,nm2048769,Takashi Hasegawa
1100,nm2053216,Eric Johnson
1101,nm2057242,Brandi Harkonen
1102,nm2058180,Teena Booth
1103,nm2060444,Rod Blackhurst
1104,nm2073372,Nicolas Pesce
1105,nm2074041,Rachel Tunnard
1106,nm2082787,Brian Bolland
1107,nm2085654,Adam Alleca
1108,nm2090975,Travis Betz
1109,nm2091311,Alex Jia
1110,nm2092839,Mark Millar
1111,nm2093933,Joshua Caldwell
1112,nm2096009,Andrew Jones
1113,nm2098346,Adam Rockoff
1114,nm2100536,Matteo Rovere
1115,nm2101545,Cecilia Aranovich
1116,nm2104063,Eric Heisserer
1117,nm2105585,Tobias Lindholm
1118,nm2118270,Dániel Tiszeker
1119,nm2128335,J Blakeson
1120,nm2130099,Rick Yancey
1121,nm2131687,Héctor Cabello Reyes
1122,nm2136917,Samira Goetschel
1123,nm2140186,Rodo Sayagues
1124,nm2141317,Roger Ross Williams
1125,nm2145370,Anders Frithiof August
1126,nm2147709,Alex Simmons
1127,nm2154550,Reza Maghsoodi
1128,nm2155679,Mani Haghighi
1129,nm2158772,Jeff Nichols
1130,nm2165066,Carles Torrens
1131,nm2180319,Tom Mandrake
1132,nm2180936,Claudio Herrera
1133,nm2186362,Jim Hecht
1134,nm2194534,Adam Green
1135,nm2194973,Damon Tod Hill
1136,nm2200708,Brian Oakes
1137,nm2201450,Alper Mestçi
1138,nm2204730,Jamie Pachino
1139,nm2207353,Ransom Riggs
1140,nm2207625,Kleber Mendonça Filho
1141,nm2216909,Eugene McGing
1142,nm2223783,Haifaa Al-Mansour
1143,nm2227980,Anthony Scott Burns
1144,nm2234869,Steve Daniels
1145,nm2238667,Anu Aun
1146,nm2239581,Gabriel Ripstein
1147,nm2262138,Sarah Adina Smith
1148,nm2264123,Travis Campbell
1149,nm2275921,M.J. Offen
1150,nm2279441,Philip Koch
1151,nm2281884,Jeff Grace
1152,nm2282414,Paul V. Seetachitt
1153,nm2288083,Nicholas Humphries
1154,nm2288528,Laurence Rosenthal
1155,nm2296215,Brian David Lazarte
1156,nm2300216,Ómar Örn Hauksson
1157,nm2305174,Ian Fried
1158,nm2306331,Sean Macaulay
1159,nm2317758,Caito Ortiz
1160,nm2318089,Kate Siegel
1161,nm2320169,Mike Young
1162,nm2327205,Arne Sierens
1163,nm2328145,Michael Lannan
1164,nm2328765,Shamim Sarif
1165,nm2328967,Ron Suskind
1166,nm2329814,Chris Whaley
1167,nm2332952,Burk Sharpless
1168,nm2334642,Justin Krook
1169,nm2341285,Petr Kazda
1170,nm2341319,Christian Sesma
1171,nm2342762,Eric Falconer
1172,nm2348263,Sabrina B. Karine
1173,nm2351757,Brian Hastings
1174,nm2353338,Sarah Megan Thomas
1175,nm2353561,Chuck Hogan
1176,nm2356768,JT Mollner
1177,nm2361458,Josh Nadler
1178,nm2361509,Guy Busick
1179,nm2361892,Chris Romano
1180,nm2366522,Wen-Chia Chang
1181,nm2371148,Jason Zumwalt
1182,nm2371802,Thomas Kail
1183,nm2373271,Matthew Sand
1184,nm2382268,Philippe Mechelen
1185,nm2387233,Vicky Wong
1186,nm2392222,Oscar Sharp
1187,nm2398585,Michael Jelenic
1188,nm2406394,Otto Binder
1189,nm2406892,Ben Ketai
1190,nm2409430,Khaled Diab
1191,nm2410081,Lok Man Leung
1192,nm2411321,D.J. Viola
1193,nm2411495,Gary Shore
1194,nm2417866,David Barstow
1195,nm2422911,Nicholas Gyeney
1196,nm2430705,Sherng-Lee Huang
1197,nm2433075,Peter Podgursky
1198,nm2434433,Jana Savage
1199,nm2438571,Topher Payne
1200,nm2439708,Shakun Batra
1201,nm2440902,Paul Fischer
1202,nm2443713,Arthur Cary
1203,nm2450848,Glenn Miller
1204,nm2452107,Jesse Joyce
1205,nm2452397,Robert Mazur
1206,nm2452582,Devin Graham
1207,nm2453858,Shayne Armstrong
1208,nm2462311,Aleksey Mizgiryov
1209,nm2462594,Alice Vial
1210,nm2468920,Bob Woolsey
1211,nm2475608,Chris Pappas
1212,nm2477449,Michael Ferrucci
1213,nm2484885,Courtney Ware
1214,nm2489193,Evan Daugherty
1215,nm2495732,Daniel Ragussis
1216,nm2497546,David F. Sandberg
1217,nm2504581,Checco Zalone
1218,nm2523380,Paul Davis
1219,nm2530490,Al Plastino
1220,nm2542577,Liz Jensen
1221,nm2543774,Emilis Velyvis
1222,nm2559080,Elizabeth Wood
1223,nm2559996,Mohamed Diab
1224,nm2567850,Ayesha DeVitre
1225,nm2581581,Courtney Hunt
1226,nm2589786,Spencer Averick
1227,nm2594149,Paul Aiello
1228,nm2594800,Ryan Bosworth
1229,nm2601560,Paola Mammini
1230,nm2603491,Sung-soo Kim
1231,nm2606827,Tomás Weinreb
1232,nm2608327,Elena Song
1233,nm2609083,Sergio Sánchez
1234,nm2609807,Kelly Fremon Craig
1235,nm2615181,Philip Carlo
1236,nm2618128,Rob Connolly
1237,nm2621817,Adrian Picardi
1238,nm2643610,Carla Cattani
1239,nm2648812,Andrew Orr
1240,nm2651069,Patricio Valladares
1241,nm2656048,Karl Mueller
1242,nm2660044,Tom Segura
1243,nm2669564,R. Balki
1244,nm2672655,Oleg Malovichko
1245,nm2673018,Lusa Silvestre
1246,nm2680506,Sharat Katariya
1247,nm2683818,Sean Gaffney
1248,nm2684095,Steven Gomez
1249,nm2686579,T.J. Fixman
1250,nm2689835,Jean-Luc Lagarce
1251,nm2694430,Claire Ince
1252,nm2704602,Oliver Irving
1253,nm2721926,Aaron Kaufman
1254,nm2735137,Paul Negoescu
1255,nm2738907,Filippo Gravino
1256,nm2741208,Jonathan Willis
1257,nm2752098,Chris Butler
1258,nm2752234,John Calnan
1259,nm2756158,Richard Falkner
1260,nm2770831,Brian McGinn
1261,nm2774833,Edmond Wong
1262,nm2788920,Dominic Morgan
1263,nm2791125,Anthony Gaudioso
1264,nm2791452,Matt Harvey
1265,nm2791716,James Gaudioso
1266,nm2805228,Sean Dulake
1267,nm2805697,John Cohen
1268,nm2809844,Max Adams
1269,nm2811682,David Stassen
1270,nm2818863,BenDavid Grabinski
1271,nm2832403,Juan Reina
1272,nm2846800,Brendan Mertens
1273,nm2847100,Tiffany Hsiung
1274,nm2854099,Andrea Cavaletto
1275,nm2858322,Rishi Virmani
1276,nm2865415,Shea Fontana
1277,nm2868110,Hannibal Buress
1278,nm2878787,Frank Robbins
1279,nm2884816,Rebecca Daly
1280,nm2886415,Christian Sellers
1281,nm2887579,Flula Borg
1282,nm2888074,Giannis Tsiros
1283,nm2888684,Josie Trinidad
1284,nm2904191,Soyoung Lee
1285,nm2907705,Sudip Sharma
1286,nm2943514,Will Allen
1287,nm2947553,Hong-jin Na
1288,nm2947676,Heather MacDonald
1289,nm2948393,Leonid Barats
1290,nm2950727,Tuomas Laurila
1291,nm2951613,Gilles Paris
1292,nm2952421,D.C. Hamilton
1293,nm2955597,Iliza Shlesinger
1294,nm2959382,Victoria Lesiw
1295,nm2965282,Brian Welsh
1296,nm2965766,Nikolay Kulikov
1297,nm2980183,Aditi Mediratta
1298,nm2985554,Rhonda Baraka
1299,nm2986811,John Suits
1300,nm3011547,Barbara Marshall
1301,nm3016523,Hyeon-jin Park
1302,nm3017413,James Hibberd
1303,nm3030296,Argyris Papadimitropoulos
1304,nm3031605,Jessie Hsiung
1305,nm3033111,Adam Stephen Kelly
1306,nm3035236,Vasan Bala
1307,nm3051114,Anthony D'Souza
1308,nm3065748,Tobias Nölle
1309,nm3083423,Rory Rooney
1310,nm3095779,Bob Haney
1311,nm3098414,Nick Thornborrow
1312,nm3102998,Bo Burnham
1313,nm3123366,Juho Kuosmanen
1314,nm3131921,Brian Allgeier
1315,nm3136748,Rostislav Khait
1316,nm3136866,Kevin Van Stevenson
1317,nm3141562,Mike Maden
1318,nm3143010,Ron Padgett
1319,nm3143608,Anna Waterhouse
1320,nm3155551,Keronda Kiki McKnight
1321,nm3156749,Cecilia Contreras
1322,nm3157246,Amy Garcia
1323,nm3162615,Bryan Q. Miller
1324,nm3163794,Pa. Ranjith
1325,nm3174584,Armando Bo
1326,nm3179964,Ezra Kemp
1327,nm3189521,Jeff Stewart
1328,nm3200012,Luca Vecchi
1329,nm3203841,Chad St. John
1330,nm3204152,Barbara Curry
1331,nm3208946,Matt Cook
1332,nm3215397,Daniel Scheinert
1333,nm3217092,Renars Vimba
1334,nm3219172,Evgeny Kolyadintsev
1335,nm3220563,Ping Ran
1336,nm3221887,Si-Cheun Lee
1337,nm3227090,Damien Chazelle
1338,nm3229505,Yoni Brenner
1339,nm3231710,Dylan Meyer
1340,nm3242689,Edward Ricourt
1341,nm3250342,Christopher Louie
1342,nm3253001,Stephanie Soechtig
1343,nm3262328,Rick Morales
1344,nm3267608,Aleksandr Barshak
1345,nm3267612,Ronan MacRory
1346,nm3276776,Dana Verde
1347,nm3277900,Ian Wittenber
1348,nm3281140,Fernando Navarro
1349,nm3286079,Clint Bentley
1350,nm3286715,Sergey Petreykov
1351,nm3305734,Daniel González
1352,nm3309607,Bryan Madole
1353,nm3314810,Chesley Sullenberger
1354,nm3321995,Andrés Duprat
1355,nm3360218,Michael Finch
1356,nm3361397,Tatsuya Oishi
1357,nm3369437,Jesse O'Brien
1358,nm3374051,Fernando Pérez
1359,nm3379741,M.A. Taylor
1360,nm3396634,Aleksey Onishchenko
1361,nm3422711,Mika Rättö
1362,nm3427812,Anatoly Kucherena
1363,nm3429375,Michael Schwartz
1364,nm3451227,Nisio Isin
1365,nm3453283,Dan Kwan
1366,nm3457034,Mathieu Oullion
1367,nm3462170,Qaushiq Mukherjee
1368,nm3466037,Seth M. Sherwood
1369,nm3475267,Steve Greene
1370,nm3515259,Adam Hirsch
1371,nm3527897,Jordan Horowitz
1372,nm3532802,Sam Wrench
1373,nm3550361,Sarik Andreasyan
1374,nm3588247,Benjamin Brewer
1375,nm3593794,Judith Berg
1376,nm3601001,Paloma Aguilera Valdebenito
1377,nm3603758,Michael Doneger
1378,nm3613117,Greg Kwedar
1379,nm3613566,Sang-ho Yeon
1380,nm3617711,Ben Jacoby
1381,nm3619844,Qing Yang
1382,nm3652021,Meera Menon
1383,nm3667303,Emma Jensen
1384,nm3670452,Jeff Howard
1385,nm3702103,James Dean Simington
1386,nm3725167,Danny Perez
1387,nm3730725,Peter Middleton
1388,nm3741595,Sean Ryan
1389,nm3743255,Triin Ruumet
1390,nm3745731,Bogdan Mirica
1391,nm3755041,Sharon Wilharm
1392,nm3764732,Johannes Persson
1393,nm3771577,Stacey Menear
1394,nm3773434,Kyle Hunter
1395,nm3782043,Ariel Shaffir
1396,nm3791015,Adrian Tanner
1397,nm3798121,Filippo Bologna
1398,nm3812261,Francesca Manieri
1399,nm3814074,Tomasz Wasilewski
1400,nm3834171,Jason M. Koch
1401,nm3834300,Noah Oppenheim
1402,nm3846239,Christopher Storer
1403,nm3857525,Kostas Skiftas
1404,nm3857698,Andreas Lampropoulos
1405,nm3858733,Peter Warren
1406,nm3871075,Abhijeet Shirish Deshpande
1407,nm3893748,Stephen Reynolds
1408,nm3898016,Leticia López Margalli
1409,nm3910931,David Farrier
1410,nm3939975,Tim Carter
1411,nm3946868,Tony S. Daniel
1412,nm3950439,Ramajogayya Sastry
1413,nm3965483,Pete Schultz
1414,nm3986004,Dustin T. Benson
1415,nm3992361,Pirie Martin
1416,nm3997700,Houda Benyamina
1417,nm3999347,Dan St. Germain
1418,nm4008890,Adam Egypt Mortimer
1419,nm4020969,Sean Nalaboff
1420,nm4021083,Mitchell Zuckoff
1421,nm4022192,Steven McNiven
1422,nm4023702,Steven Caple Jr.
1423,nm4048580,Tuomas Niskanen
1424,nm4057793,Bill Dubuque
1425,nm4058421,Brian McAuley
1426,nm4069208,Ziga Virc
1427,nm4070848,Meng Zhang
1428,nm4097598,James Cullen Bressack
1429,nm4098523,Anna Elizabeth James
1430,nm4120929,Sharon McGehee
1431,nm4135794,Pierre Godeau
1432,nm4136881,David Steenhoek
1433,nm4138262,Ribhu Dasgupta
1434,nm4179382,Jevons Au
1435,nm4182489,Melanie Aitkenhead
1436,nm4183613,Lai-Yin Leung
1437,nm4216509,Rasmus Wassberg
1438,nm4227392,Mike Lawrence
1439,nm4235049,Ognjen Glavonic
1440,nm4238622,Fatsah Bouyahmed
1441,nm4243936,Harry G. Peter
1442,nm4256393,Brian Pittman
1443,nm4259881,Patrick McKay
1444,nm4260438,John D. Payne
1445,nm4265471,Jarrad Bhatia
1446,nm4265844,Hayden Smith
1447,nm4272197,Gevond Andreasyan
1448,nm4273743,Tin Shu Mak
1449,nm4283294,K. King
1450,nm4283770,Victoria Rose
1451,nm4316121,Veronica Roth
1452,nm4319770,Jeong-un Oh
1453,nm4332422,Erlingur Thoroddsen
1454,nm4361978,Josh Kriegman
1455,nm4371874,Amber Coney
1456,nm4381735,Emmy Blotnick
1457,nm4382298,Rene Gutteridge
1458,nm4389150,Ali Abbasi
1459,nm4395909,Luca Ravenna
1460,nm4396602,Thomas Della Bella
1461,nm4399227,Ali Wong
1462,nm4410639,Zhichao Ha
1463,nm4413917,Mamrie Hart
1464,nm4423914,Vishal Vijay Kumar
1465,nm4424713,Jojo Moyes
1466,nm4426398,Cara J. Russell
1467,nm4436336,Miki Clarke
1468,nm4441810,Kiran Yadnyopavit
1469,nm4443317,Xuan Liang
1470,nm4446305,Nic Pizzolatto
1471,nm4462369,Clint Kelly
1472,nm4464117,Gigi Saul Guerrero
1473,nm4507295,Michael German
1474,nm4511331,Dean Hewison
1475,nm4519461,James Spinney
1476,nm4522036,Dan Soder
1477,nm4528537,Nick Antosca
1478,nm4544229,John Phillips
1479,nm4544331,Syam Pushkaran
1480,nm4565159,Bob Rozakis
1481,nm4566548,Bruno Premiani
1482,nm4566692,Dennis Neville
1483,nm4576033,Lee Elias
1484,nm4584004,Dileesh Pothan
1485,nm4602011,Dong Luo
1486,nm4621803,Alex Rubens
1487,nm4623815,Catherine Siguret
1488,nm4633226,Irv Novick
1489,nm4634203,Michael J. Tougias
1490,nm4636143,Rami Hachache
1491,nm4636960,Andrew Baldwin
1492,nm4638841,Niisku Haapala
1493,nm4648803,Casey Sherman
1494,nm4678928,Mikael Hed
1495,nm4679434,Mike Roberts
1496,nm4694441,Romain Compingt
1497,nm4707696,Elizabeth Morris
1498,nm4710432,Patrick Ness
1499,nm4711195,Sharon Bolton
1500,nm4716566,Joel Morgan
1501,nm4720384,Randy Brown
1502,nm4732914,Jacey Heldrich
1503,nm4733044,Matthew L. Schaffer
1504,nm4766743,Benjamin Font
1505,nm4789858,Janne Suhonen
1506,nm4806035,Ryan Ferguson
1507,nm4806266,Mickey Keating
1508,nm4808201,Christopher Monfette
1509,nm4815571,Nitesh V. Ranglani
1510,nm4816469,Luke Harding
1511,nm4819186,Dharmendra Suresh Desai
1512,nm4824763,Thea Sharrock
1513,nm4825581,Clay Glen
1514,nm4846365,Jim Aparo
1515,nm4858446,Tyler W. Konney
1516,nm4894169,Ian Sbf
1517,nm4915976,Tikhon Kornev
1518,nm4919186,Mark Bianculli
1519,nm4923135,Rodrigo Gasparini
1520,nm4941030,Jason Zada
1521,nm4943022,Buchi Babu Sana
1522,nm4945007,Tony Hinchcliffe
1523,nm4950667,Creighton Rothenberger
1524,nm4951717,Katrin Benedikt
1525,nm4965683,Malik Rumeau
1526,nm4966991,Germano Zullo
1527,nm5005300,Gustavo Sainz de la Peña
1528,nm5022110,Michael J. Wilson
1529,nm5028357,Emir Baigazin
1530,nm5056902,Tharun Bhascker Dhaassyam
1531,nm5082761,Alex Brewer
1532,nm5092324,Kim Barker
1533,nm5105724,Chris Majors
1534,nm5106460,Meredith Majors
1535,nm5114739,Aleksey Krasovskiy
1536,nm5136172,Dan Antoniazzi
1537,nm5136322,Ben Shiffrin
1538,nm5152314,Sam Dickson
1539,nm5255735,Christopher Hyde
1540,nm5293055,Jeffrey Zaslow
1541,nm5325195,Jonathan Evison
1542,nm5335213,Tai-lee Chan
1543,nm5336067,Harry Salmenniemi
1544,nm5362972,Greta Varts
1545,nm5366685,Ross Adam
1546,nm5380892,Chris Chuang
1547,nm5386794,Michelle Walshe
1548,nm5390305,M.L. Stedman
1549,nm5454868,Célio Porto
1550,nm5457825,Mark Elijah Rosenberg
1551,nm5460212,Ori Halevy
1552,nm5533999,Zhengyu Lu
1553,nm5546430,Mark Rapaport
1554,nm5590180,André Kirkman
1555,nm5616219,Nagraj Manjule
1556,nm5627015,Mohamed Hamidi
1557,nm5650589,Nalan Kumarasamy
1558,nm5650996,Miu-Kei Ho
1559,nm5654941,Chris Anderson
1560,nm5671757,Cody Kennedy
1561,nm5682145,Cho Jung-Rae
1562,nm5707237,Roman Cílek
1563,nm5717001,Eric Pennycoff
1564,nm5721489,Geun-seop Jeong
1565,nm5722963,Mia Jiao
1566,nm5726827,Brett Glassberg
1567,nm5730852,Tim Rutherford
1568,nm5733685,Diego Ayala
1569,nm5763277,Ama Lea
1570,nm5764298,Gabriel Esteves
1571,nm5832288,Jim McGrath
1572,nm5853165,Colin Harrison
1573,nm5873153,Joe Stas
1574,nm5898582,Peter Czikrai
1575,nm5958133,Bryar Freed
1576,nm5979724,Guillermo Calderón
1577,nm5984688,Ellen Furman
1578,nm6026697,Steven Leckart
1579,nm6031291,Polly Stenham
1580,nm6040275,Derek Dressler
1581,nm6048464,Jan Helge Lillevik
1582,nm6072387,Kenneth Powell
1583,nm6099014,Don Newton
1584,nm6105319,Yoo Young Ah
1585,nm6108735,Vladek Zankovsky
1586,nm6176498,S.U. Arun Kumar
1587,nm6224020,Hooroo Jackson
1588,nm6282538,Carlos Faria
1589,nm6287571,Chris Kelly
1590,nm6290393,Jeanne Ryan
1591,nm6319218,Saiwyn Quadras
1592,nm6319750,Daniel Robbins
1593,nm6320585,Heather Smith
1594,nm6333772,Taryn Stenberg
1595,nm6366481,Vonda N. McIntyre
1596,nm6388415,Luigi Di Capua
1597,nm6388416,Matteo Corradini
1598,nm6391502,Paula Hawkins
1599,nm6426507,Jose Delbo
1600,nm6440635,Manouchehr Hadi
1601,nm6446224,Brinna Kelly
1602,nm6451383,Mark W. Curran
1603,nm6461877,Brandon Trask
1604,nm6464289,Shane McKenzie
1605,nm6493866,Preeti Mamgain
1606,nm6529126,Álvaro Núñez
1607,nm6546947,Antony Jones
1608,nm6558641,Brandon Cohen
1609,nm6583447,Bruce Schooley
1610,nm6611534,Marius von Mayenburg
1611,nm6646390,Otto Bell
1612,nm6710963,Michael Cody
1613,nm6711056,Joo-Suk Park
1614,nm6813168,Gabriel De Mercur
1615,nm6828079,Adrienne Thorne
1616,nm6881621,Sawyer Perry
1617,nm6890017,Mary Laws
1618,nm6893138,Barry Jay
1619,nm6902931,Irving Franco
1620,nm6947132,Andrey Gavrilov
1621,nm6959877,Christy Beam
1622,nm6981356,Dan Mishkin
1623,nm7009590,Dan Wells
1624,nm7040899,Shane Amsterdam
1625,nm7062036,Dante Vescio
1626,nm7068204,Matt Lutz
1627,nm7070947,Frank Hui
1628,nm7094085,Alec Colantonio-Ray
1629,nm7108249,Florent Gonçalves
1630,nm7115005,Thomas Ng
1631,nm7216022,Austin Wright
1632,nm7288036,Pedro Carvalhaes
1633,nm7290473,Vikram Juthika
1634,nm7290481,Srinivas Rongali
1635,nm7343182,Jeff Richard
1636,nm7407118,Lars Hubrich
1637,nm7427876,Lily Hollander
1638,nm7460278,David Pulido
1639,nm7473774,Jean McGianni Celestin
1640,nm7483705,Matt Young
1641,nm7495619,Wolfgang Herrndorf
1642,nm7511705,Angela Boatwright
1643,nm7534942,Livia Ungur
1644,nm7545694,Joanne Fluke
1645,nm7588052,Bostjan Virc
1646,nm7625668,Heber Cannon
1647,nm7625681,Marston Sawyers
1648,nm7691245,Lucas Bucci
1649,nm7702379,Declan Power
1650,nm7739636,Kate Collins
1651,nm7758927,Rahul Nangia
1652,nm7770042,Teri Wilson
1653,nm7814595,Ning Wen
1654,nm7827190,Bharat Manjule
1655,nm7827610,Michael Angelo
1656,nm7827939,Malcolm T. Goldman
1657,nm7830962,Alana Smithee
1658,nm7837491,Yoon-Jung Lee
1659,nm7837906,François Ruffin
1660,nm7839383,Xiao Song
1661,nm7843777,Nei Lu
1662,nm7847261,Konstantinos Moutsinas
1663,nm7882777,Owen Suskind
1664,nm7893145,Nessim Chikhaoui
1665,nm7917740,Shailja Kejriwal
1666,nm7955713,Jung-a Jo
1667,nm7960762,Irene Brand
1668,nm8032685,Chris Tebbetts
1669,nm8060038,Wolfgang Matzl
1670,nm8078611,Laura Obiols
1671,nm8082313,Christoph Younes
1672,nm8082314,Summer Johnson
1673,nm8082316,Zac Blair
1674,nm8082506,Chun Zhang
1675,nm8088562,Lloyd Staszkiewicz
1676,nm8100818,Kevin Martin
1677,nm8115248,Jun Jiang
1678,nm8132946,Robert Phelps
1679,nm8132947,Shane McKenzie
1680,nm8132948,Tom Stas
1681,nm8137208,Mariana Levy
1682,nm8171938,Antti Apunen
1683,nm8205393,Benjamin
1684,nm8221259,Hussain Sha Kiran
1685,nm8224460,David Nathan
1686,nm8229080,Denise Hunter
1687,nm8245357,Manoj Tripathi
1688,nm8254778,Vipul K. Rawal
1689,nm8260883,Arun Matheshwaran
1690,nm8281887,Samson Sun
1691,nm8281888,Cherryyoko
1692,nm8303162,Gary Cohn
1693,nm8303902,Khalladi Shérazade
1694,nm8311420,Alex Hastings
1695,nm8341682,David Rohde
1696,nm8341683,Stephanie Saul
1697,nm8347909,Omar Orn Hauksson
1698,nm8353906,Aleksey Karaulov
1699,nm8355610,Brian T. Brown
1700,nm8355614,Casey Barrett
1701,nm8356897,Eun-ill Lee
1702,nm8368736,David Shapiro
1703,nm8409596,Bekir Acar
1704,nm8412322,Rahul Ramakrishna
1705,nm8413781,Christian La Monte
1706,nm8415573,Jan Bubenicek
1707,nm8421031,Harri Sippola
1708,nm8435299,Siobhan Dowd
1709,nm8435583,Marina Adair
1710,nm8444799,Shimao Zhang
1711,nm8459045,Dan Cogan
1712,nm8540931,Thomas Dam
1713,nm8691513,Keke He
1714,nm8823854,Simon Carmody
1715,nm8841153,Reindert Falkenburg
1716,nm9822757,Sonu Sinha
